user_id,num_listens,listening_duration,song_map,artist_map
00729b0737db58cbd2d20b1037b3591beead6d72,169,363,{'TRBDQUF128F42AE54C': 169},{'ARAA1VM1187B994013': 169}
00a9055cd54e8364080768065e13581544b7ff94,329,191,{'TRAATBN128F14ACE82': 329},{'ARBM57Q1187B9AF97C': 329}
013de579fc16527ecaf104cb3a210f8258c99e05,103,307,"{'TRAURYF128F147805D': 39, 'TRAWLYS12903CCFEFC': 64}","{'ARR3ONV1187B9A2F59': 39, 'AR3THYK1187B999F1F': 64}"
021a670f55f7a440722f8508fc7629e4ff709ff3,268,269,{'TRAWBHE12903CBC4CB': 268},{'ARKQQZA12086C116FC': 268}
032407039784e7302672e0ef0203f5836b518eca,229,983,"{'TRAGMXK128F9305A50': 1, 'TRBHRGD12903CA7A58': 220, 'TRAUONA128F4255A38': 6, 'TRBAMXF128F1470AD6': 1, 'TRAFMPX128F4246C49': 1}","{'AR02YGA1187B9B8AC4': 1, 'ARVUN5F1187FB4CCC7': 220, 'ARAXU5Z1187B98FECD': 6, 'ARE8GLF1187FB52532': 1, 'ARQATWU1187B98EE26': 1}"
03b48e2e0dfacb1488bedf2ef5478c845b6f4c28,103,209,{'TRAURYF128F147805D': 103},{'ARR3ONV1187B9A2F59': 103}
03f3c59bc9f6d44d72e812619024a44546bf9613,113,1044,"{'TRAUTTP128F425BDEB': 2, 'TRBGCAK128F425F3CC': 107, 'TRAURYF128F147805D': 2, 'TRADYQK128F42A762A': 2}","{'AR4L4WQ1187FB51996': 109, 'ARR3ONV1187B9A2F59': 4}"
0548eba0a7f0e19a718580e6853f8de0a5b29200,153,1094,"{'TRAZBRT128F9305CE3': 129, 'TRATBNG128F92CADA8': 6, 'TRANBUW128F933C645': 7, 'TRANIJQ128F4298A10': 3, 'TRADODV128F4283EB6': 8}","{'ARX9YIP1187B98A656': 129, 'ARBNXYA1187FB51C50': 6, 'ARJ7KF01187B98D717': 7, 'ARMI8BW1187FB57B2E': 3, 'AREV2491187B9B017E': 8}"
06b3d85b93084237374b04a9c228c2339fa20cc9,174,431,{'TRBANHU128EF35EB62': 174},{'ARWJAQ81187FB46F73': 174}
0756e398ce35c00851cf71cf0e1ba87e8f953d7a,125,249,{'TRASWQE128F146C987': 125},{'AR336PG1187FB3DC6E': 125}
07a3db47d50c75dd3b8d76e72623af1d3c9da249,217,438,"{'TRAURYF128F147805D': 216, 'TRANWOF12903CB3E19': 1}","{'ARR3ONV1187B9A2F59': 216, 'ARNRPI31187B9AC699': 1}"
07ae902186596c1bfa2be81c1a75a9cbe39a4670,119,259,"{'TRAUONA128F4255A38': 5, 'TRAWLYS12903CCFEFC': 114}","{'ARAXU5Z1187B98FECD': 5, 'AR3THYK1187B999F1F': 114}"
07e62756f710c6a69bdfd5a7cb7a14bfbeb773cf,189,3086,"{'TRBHYIK128F92E210B': 10, 'TRAWYNV128F92F5E7E': 1, 'TRARUTP128E0797FC7': 1, 'TRAZDPO128E078ECE6': 1, 'TRAGBPI128E0792998': 1, 'TRAURYF128F147805D': 21, 'TRBHLXQ128E07856AC': 1, 'TRAWBOE128F92F2F46': 1, 'TRAWBHE12903CBC4CB': 1, 'TRAQJMP128F92E3821': 149, 'TRATHTH128F42BC347': 2}","{'ARR3ONV1187B9A2F59': 180, 'ARM7EDF1187B9B3FA1': 2, 'ARQUMH41187B9AF699': 1, 'AR12F2S1187FB56EEF': 1, 'ARNLO5S1187B9B80CC': 1, 'ARFVYJI1187B9B8E13': 1, 'ARKQQZA12086C116FC': 1, 'ARF2EHS1187B994F4E': 2}"
080937619976622b362e2eff9a1222424fcbd5c4,176,302,"{'TRAYABW128F4235888': 103, 'TRAAFJW128F428A424': 73}",{'AR06EB01187FB40150': 176}
095d3cdd061c5bb043d94a19f5dea5d96e215c9d,290,1099,"{'TRAEUIW12903D018F0': 276, 'TRAIVMM12903CFAD62': 2, 'TRAUJKJ128E078FA48': 4, 'TRBBQFV128F4252EFF': 7, 'TRAOWBP128F4257C64': 1}","{'ARC8CQZ1187B98DECA': 288, 'ARAZCWP129462A97F1': 2}"
09efc455cda214efccb79e54cb92bff7a1484e6e,113,343,{'TRBGRIP128F147FCA6': 113},{'AR9W3X91187FB3994C': 113}
0aae6978a0342cf0c356aa8a28ec6516df684025,150,2095,"{'TRAEUIW12903D018F0': 11, 'TRBGHVM128F146B47A': 5, 'TRAUJKJ128E078FA48': 6, 'TRBBCVJ128F425BE2C': 2, 'TRBHLXQ128E07856AC': 69, 'TRAVHLR128F146B476': 50, 'TRBBQFV128F4252EFF': 4, 'TRAWBHE12903CBC4CB': 2, 'TRBGSAQ128F1470B41': 1}","{'ARC8CQZ1187B98DECA': 21, 'AR7NNKG1187FB4AA1C': 55, 'ARAI2ZO1187B9A0536': 2, 'ARNLO5S1187B9B80CC': 69, 'ARKQQZA12086C116FC': 2, 'ARS4KT21187B9B9438': 1}"
0ab26b86c0a14ed698a715f42ecfb1be42aa93d6,122,531,"{'TRAZDPO128E078ECE6': 13, 'TRAGFUR128E078B8B3': 109}","{'AR12F2S1187FB56EEF': 13, 'AR2XI6G1187B9AE7DA': 109}"
0ba6a086b95ce58cf7008b64ef84f48c2b8f7548,107,1170,"{'TRBGGBF128F425E4D1': 36, 'TRBDOVF128E0795641': 15, 'TRAYQLP128F92FA224': 17, 'TRASVOH12903CCDC0B': 17, 'TRBAUVN128F932FEF8': 18, 'TRBEDVH128F14599C7': 4}","{'AR7IYVY1187B9A2648': 36, 'AR65K7A1187FB4DAA4': 32, 'ARPDVPJ1187B9ADBE9': 17, 'AR03BDP1187FB5B324': 18, 'ARTYXQC1187B9ACAB2': 4}"
0da18d3b8adbf5781b89d49b6b2f69693ea8ae33,204,209,{'TRAURYF128F147805D': 204},{'ARR3ONV1187B9A2F59': 204}
0e20d46695cecf97dee803e422962c8ff5dd0a98,124,119,{'TRAHUQT128F4281228': 124},{'ARPAAHK1187B9ABB00': 124}
0efb090923b79d2df2217524c48e51ef1e6e7bce,129,256,{'TRABUMO12903CBE25F': 129},{'ARSW5F51187FB4CFC9': 129}
0fa40519d4e6f85c9eaddcdf107e8f6d431942b5,115,141,{'TRALEPN128F9311179': 115},{'ARM0P6Z1187FB4D466': 115}
1074f9a076a4d59a362c986ccd551c888fb1b8ed,154,172,{'TRAGYMA128EF34B55E': 154},{'ARN8NCB1187FB49652': 154}
1198e6c8673f603114e7de4b1045a6cc6e80c897,161,323,"{'TRADVSU128E0786371': 82, 'TRBAHNM128F426895A': 79}",{'ARC6UC81187B989062': 161}
1231b516fe529235a2a8dff43cc984be03acd42a,105,708,"{'TRAAGCZ128F93210FD': 88, 'TRARUTP128E0797FC7': 16, 'TRAWBHE12903CBC4CB': 1}","{'ARTDQRC1187FB4EFD4': 88, 'ARQUMH41187B9AF699': 16, 'ARKQQZA12086C116FC': 1}"
1280b7963657a12b28a8ca58bf736ddeb256fda1,123,1226,"{'TRBDOVF128E0795641': 30, 'TRAAGCZ128F93210FD': 32, 'TRARUTP128E0797FC7': 28, 'TRAKXMS12903CB36F2': 1, 'TRAPTOE128F4272000': 32}","{'AR65K7A1187FB4DAA4': 30, 'ARTDQRC1187FB4EFD4': 32, 'ARQUMH41187B9AF699': 28, 'ARQXC7V1187FB4DA9E': 1, 'ARCGJ6U1187FB4D01F': 32}"
134626223c27fc8fe7a0ad65b9d237a4b5eb7513,129,327,{'TRAASFP128F42980BD': 129},{'ARD5K161187B9AC784': 129}
13a5aa6d96febdc90e2b67651e22dcc0dd74ecee,135,801,"{'TRAZDPO128E078ECE6': 2, 'TRAZLTA128F425510D': 131, 'TRBBCVJ128F425BE2C': 2}","{'AR12F2S1187FB56EEF': 2, 'AR4OHL91187B9B2EB9': 131, 'ARAI2ZO1187B9A0536': 2}"
13b98e4b8a30b94d64fd48e9d042db023bee0912,223,617,"{'TRAURYF128F147805D': 3, 'TRAIXZQ128F423098F': 220}","{'ARR3ONV1187B9A2F59': 3, 'ARK0VFZ1187FB4309B': 220}"
153cf6ad167932b75f2a6964a939462b6297f07c,111,247,{'TRAXRSK128F42B44D2': 111},{'AR46CAD1187FB4D84B': 111}
15e01551b10a7b78ca8763ce2abcf6a908f0ce7d,179,229,{'TRAAGCZ128F93210FD': 179},{'ARTDQRC1187FB4EFD4': 179}
1604e3a8434ebb5fc94198a6a8bb32719123d82b,201,893,"{'TRBHKXX128F4252D02': 158, 'TRARTEH128F423DBC1': 22, 'TRACECN128F9310E97': 20, 'TRANBUW128F933C645': 1}","{'ARH6W4X1187B99274F': 200, 'ARJ7KF01187B98D717': 1}"
166a1bf3b671f7f12a7d6ffdbceb496673cae4e5,186,398,"{'TRBFXMJ12903CB50F6': 1, 'TRAZCMR128F1462B51': 185}","{'ARXLMH011C8A415658': 1, 'AR1PRQ21187FB3B481': 185}"
168afb3dd9c92b4724171543c1c123aa26dd4cd1,132,239,{'TRAWPFY128F428A9CD': 132},{'AR46CAD1187FB4D84B': 132}
1743b8d5e0260aed4877671db748c18fb5f57d59,120,479,"{'TRAZBRT128F9305CE3': 50, 'TRAUOEY128F421CBD3': 70}","{'ARX9YIP1187B98A656': 50, 'ARWD25M1187FB4C563': 70}"
17a945227e84b9211f8aca31bcee21b1e86f550e,162,216,{'TRAWZJW128F42297EE': 162},{'ARDAE2T1187FB50796': 162}
17f53c9c62d0b9b9f6ace621949388b4aa49e6fb,126,209,{'TRAOWTP128F930D700': 126},{'AR0J0OD1187FB3AFB5': 126}
1838493d527d75c1979c6daa322f24019ad7ae4c,112,643,"{'TRBFKVH128F4262579': 89, 'TRBCUPT128F1462B73': 1, 'TRAURYF128F147805D': 11, 'TRALEPN128F9311179': 11}","{'ARQRQRA12131B4B5A8': 89, 'ARIMZQZ1187B9AD541': 1, 'ARR3ONV1187B9A2F59': 11, 'ARM0P6Z1187FB4D466': 11}"
19546df993c6dd9eb73413e1d7687ae1bdfc9ad1,117,1174,"{'TRAVSVL128F14B12BE': 1, 'TRAEUIW12903D018F0': 31, 'TRATBNG128F92CADA8': 13, 'TRBBQFV128F4252EFF': 35, 'TRAOWBP128F4257C64': 37}","{'ARXSABJ1187FB3C336': 1, 'ARC8CQZ1187B98DECA': 103, 'ARBNXYA1187FB51C50': 13}"
1991ec49e285545363025ffcb4988c6dd860c766,349,693,"{'TRBCUPT128F1462B73': 74, 'TRBDUKK128F4241E90': 1, 'TRASAIH128F931F567': 1, 'TRAWLYS12903CCFEFC': 273}","{'ARIMZQZ1187B9AD541': 76, 'AR3THYK1187B999F1F': 273}"
19c2bae4e76ff96979ea59557f2066147de8526f,146,398,"{'TRARUTP128E0797FC7': 4, 'TRAUOPE128EF367610': 142}",{'ARQUMH41187B9AF699': 146}
19eb85af3d7a3f511f0cec2cd8f8956dd7c639ee,162,455,"{'TRAUOEZ12903CAC030': 102, 'TRAWCIC128F92FE36A': 60}","{'AR7ZKHQ1187B98DD73': 102, 'ARNQAVF11F4C844C04': 60}"
1a43a7b1bf9a79e34aa16694ebe298454b53a3e6,132,691,"{'TRASDOI128F1480E28': 15, 'TRAWRKT128E0788857': 3, 'TRAAYPN128F9340DDF': 114}","{'AR4OU721187FB4549D': 15, 'ARZWK2R1187B98F09F': 3, 'ARL6FF81187FB5A916': 114}"
1df0ed2325822da1da73250cab1ebbe2e26a3404,109,1085,"{'TRBGCAK128F425F3CC': 105, 'TRAMLZC128F92F3EB9': 1, 'TRAGSKH12903CCCAA9': 1, 'TRAHFHR12903CCCAF8': 1, 'TRBEKGR128F425DA44': 1}","{'AR4L4WQ1187FB51996': 105, 'ARW2U4O1187FB4408B': 3, 'ARQOATR1187B9AE959': 1}"
1e86e2925b83191f161d9b1ebcb8af36686d23ad,108,495,"{'TRBDOVF128E0795641': 1, 'TRAZBRT128F9305CE3': 107}","{'AR65K7A1187FB4DAA4': 1, 'ARX9YIP1187B98A656': 107}"
1f07537a312f584bf086c301ef7b33e730106651,259,833,"{'TRACFZI128E0795424': 1, 'TRBCUPT128F1462B73': 256, 'TRASAIH128F931F567': 1, 'TRASWQE128F146C987': 1}","{'ARGO67V1187B9968D2': 1, 'ARIMZQZ1187B9AD541': 257, 'AR336PG1187FB3DC6E': 1}"
1f8114fa3b5b94288eeb19cb63cc9ee34d2af72e,103,705,"{'TRAUTTP128F425BDEB': 5, 'TRBGCAK128F425F3CC': 97, 'TRADLCP12903CB64FC': 1}","{'AR4L4WQ1187FB51996': 102, 'ARJJYQS1187B996882': 1}"
201bba1b5ce7d7be6d939308166846119f2b1846,122,607,"{'TRARUTP128E0797FC7': 45, 'TRAURYF128F147805D': 38, 'TRAUOPE128EF367610': 39}","{'ARQUMH41187B9AF699': 84, 'ARR3ONV1187B9A2F59': 38}"
21539fbf4195cc3984ae8dccfb703cc20437fcdf,141,435,"{'TRBHVJH12903CE8978': 40, 'TRAXBLJ128F92EEBB1': 101}","{'ARTHEAP122BCFCD0B2': 40, 'AR9O0LF1187B99D0D1': 101}"
2159774c6d2a3579c96b2d41f226416914d207e4,109,388,"{'TRBHVJH12903CE8978': 59, 'TRBAMXF128F1470AD6': 50}","{'ARTHEAP122BCFCD0B2': 59, 'ARE8GLF1187FB52532': 50}"
21994e15c0f9f17532271f4255c7f83276bc69ab,100,216,{'TRANMXY128F1489C65': 100},{'AR1ZYLH1187B98C159': 100}
22e08d5e101ab5b86dc394856d508e175a5242a6,118,884,"{'TRBGWWM12903CCE627': 1, 'TRAWOPG128F92EF9A1': 8, 'TRAYQLP128F92FA224': 107, 'TRAJLRX128F4271A2C': 1, 'TRADUXF128F1498A0A': 1}","{'AR633SY1187B9AC3B9': 1, 'ARH8VT91187FB49CA2': 8, 'AR65K7A1187FB4DAA4': 107, 'AR8EDG51187FB41A08': 1, 'AR4M1KM1187B9AC7E2': 1}"
232fae4c67afa432de69cc3d7fb8a5e43737302c,221,338,{'TRAFMAA12903CF56C6': 221},{'ARJ3VRY1187B9A3058': 221}
2367afc24b1bb0debbc7bc754a6886c3421e2021,106,446,"{'TRATKVY128EF35F97A': 95, 'TRAHLDG128F92EB4A9': 11}","{'ARF5M7Q1187FB501E8': 95, 'ARXPPEY1187FB51DF4': 11}"
23b7c80fa8fffad2fb3280144047d46303c98796,133,794,"{'TRAJHCO128F42570C1': 123, 'TRAGZQD128F428E68B': 5, 'TRAOOHM128F1453E33': 5}","{'ARVUN5F1187FB4CCC7': 123, 'AREENKN1187B98F35D': 5, 'ARZXTEY1187B9997A7': 5}"
247002b6dd56dd0fac9d9ef8b3753ebc3282613e,115,183,{'TRAZCMR128F1462B51': 115},{'AR1PRQ21187FB3B481': 115}
24739fc8f2c8cda142d9f8e39a2b3313e2334c2e,258,453,"{'TRAHQBJ12903CAB1FA': 1, 'TRARAAG128F42437FB': 257}","{'AR2AGLK1187B9AAAD0': 1, 'ARLIIVS1187FB5583B': 257}"
25a2643eddaa57160192955b67e5607e8108b012,132,708,"{'TRARUTP128E0797FC7': 31, 'TRAJRYA12903CDA1F2': 13, 'TRAVXEP128F14539AE': 1, 'TRAWLYS12903CCFEFC': 66, 'TRAUOPE128EF367610': 21}","{'ARQUMH41187B9AF699': 52, 'ARCDLDD11F33E000A4': 13, 'ARHU9211187B9B7E0E': 1, 'AR3THYK1187B999F1F': 66}"
266d39cb5358ed2b9fded91bebb88e075bcf514e,100,987,"{'TRAMCND128F1466ACF': 1, 'TRAGYMA128EF34B55E': 68, 'TRBGCAK128F425F3CC': 28, 'TRAGZQD128F428E68B': 3}","{'ARLHO5Z1187FB4C861': 1, 'ARN8NCB1187FB49652': 68, 'AR4L4WQ1187FB51996': 28, 'AREENKN1187B98F35D': 3}"
2677d31d8cb80a795881e0b0a6386abd7692006a,104,195,{'TRBANZZ128F149EA4C': 104},{'ARXLX5L1187FB47BED': 104}
274a6cfd7b6f45482ab049bea55a4f5c2a6dfaf5,198,225,{'TRBGCAK128F425F3CC': 198},{'AR4L4WQ1187FB51996': 198}
2783bfe5c529d4efbf5980e1cd575d8790bf4f50,145,505,"{'TRAZBRT128F9305CE3': 77, 'TRBEERY128F4231A2E': 68}","{'ARX9YIP1187B98A656': 77, 'AR65OLD1187FB5C103': 68}"
281deab3afccc906251ef67a8eda2b9f9baec459,129,1038,"{'TRBDOVF128E0795641': 7, 'TRAAGCZ128F93210FD': 3, 'TRAEUIW12903D018F0': 9, 'TRAWBHE12903CBC4CB': 3, 'TRAWLYS12903CCFEFC': 107}","{'AR65K7A1187FB4DAA4': 7, 'ARTDQRC1187FB4EFD4': 3, 'ARC8CQZ1187B98DECA': 9, 'ARKQQZA12086C116FC': 3, 'AR3THYK1187B999F1F': 107}"
289335336fffdeb4cbeb5929219c2b73307b30c1,127,384,"{'TRAHQBJ12903CAB1FA': 118, 'TRAEOHK128F932F77A': 9}","{'AR2AGLK1187B9AAAD0': 118, 'ARBB58Y1187B9B621B': 9}"
28e70edfb359be4b817b4ac6f7993f2ae9b7e767,214,519,"{'TRAZBRT128F9305CE3': 203, 'TRAWBHE12903CBC4CB': 11}","{'ARX9YIP1187B98A656': 203, 'ARKQQZA12086C116FC': 11}"
293d6a00517c612fbb53ee21781995a066181d4d,103,207,{'TRACLMT12903CA1F5C': 103},{'AR202MX1187B9B0383': 103}
2a7965502c6755811e77e8d30f237b138a700a77,541,225,{'TRBGCAK128F425F3CC': 541},{'AR4L4WQ1187FB51996': 541}
2a8d0842d27d61c64bed076de8751ef28b8779a1,144,250,{'TRAZBRT128F9305CE3': 144},{'ARX9YIP1187B98A656': 144}
2be64e77a5c4eab78381ad7ccf85f9124a16d81f,136,78,{'TRARMRC128F424317A': 136},{'AR8U8G41187B9A833B': 136}
2fd5874aa3d329030c0938afbb860fa47779b206,100,225,{'TRBGCAK128F425F3CC': 100},{'AR4L4WQ1187FB51996': 100}
3049701350c49fb801acd03a1ca75efc2b6af460,191,501,"{'TRAYABW128F4235888': 1, 'TRAEOMS128F4262357': 1, 'TRBEDVH128F14599C7': 189}","{'AR06EB01187FB40150': 2, 'ARTYXQC1187B9ACAB2': 189}"
30c344a3af6320f90a66e7614df14683c363d593,110,326,{'TRABCFL128F149BB0D': 110},{'ARLTWXK1187FB5A3F8': 110}
33b8dc14423e19c01d0cd4bd548a262d8f27b4ea,104,372,"{'TRAGYMA128EF34B55E': 75, 'TRATUPO128F9305A5C': 29}","{'ARN8NCB1187FB49652': 75, 'AR1K7TQ11C8A414EC8': 29}"
33f90e39353993b46ab89af79df4576e50a9deb0,122,177,{'TRAIJGU128F931FA16': 122},{'ARD2HR71187B99548F': 122}
347e0b547db9225a04b7eee76a23d55096d527db,166,259,{'TRAHQWU128F4277B78': 166},{'AR8J63I119B8668504': 166}
3530d11054208fa10340fb7dd22d0fc2f5bff5ad,111,266,{'TRABKUJ128F4292445': 111},{'AR0S7TA1187FB4D024': 111}
35632e34a4c0342bdb7001e90ff73dec9f65d154,153,78,{'TRBGGBF128F425E4D1': 153},{'AR7IYVY1187B9A2648': 153}
359ce5e8c261d640c12e34841f53c029504697e0,162,749,"{'TRAGFOI128F428E060': 16, 'TRAFJIW128E078E1DE': 121, 'TRAWBHE12903CBC4CB': 25}","{'ARHOCKY11E2835D7CB': 16, 'ARTDQRC1187FB4EFD4': 121, 'ARKQQZA12086C116FC': 25}"
378145dabea43de965c386c53ab977f80588cbc6,128,199,{'TRBEDVH128F14599C7': 128},{'ARTYXQC1187B9ACAB2': 128}
378422b1e54606eb032eb910f06f5acdf38e438f,253,657,"{'TRAZDPO128E078ECE6': 83, 'TRAUTNT128F933CB62': 169, 'TRAIVMM12903CFAD62': 1}","{'AR12F2S1187FB56EEF': 83, 'ARLBNAC1187FB47151': 169, 'ARAZCWP129462A97F1': 1}"
38db492a42c83d679035fe5021beb375b75b692f,116,2092,"{'TRBCVBK128E07813EC': 69, 'TRBDOVF128E0795641': 3, 'TRAEUIW12903D018F0': 1, 'TRAYQLP128F92FA224': 2, 'TRBHLDQ128F423EF10': 1, 'TRAUJKJ128E078FA48': 1, 'TRATKVY128EF35F97A': 1, 'TRBBQFV128F4252EFF': 2, 'TRADGXI128F92EF28F': 1, 'TRARLGD128F93119C1': 35}","{'ARAXU5Z1187B98FECD': 69, 'AR65K7A1187FB4DAA4': 5, 'ARC8CQZ1187B98DECA': 4, 'AR8V1WA1187B9AD9E9': 1, 'ARF5M7Q1187FB501E8': 1, 'ARKCYJV1187FB392E9': 1, 'ARL6FF81187FB5A916': 35}"
38fdcf48c9b2536146670e75affd34de1f452ee1,114,1564,"{'TRBDOVF128E0795641': 1, 'TRBECBM128F426AA34': 5, 'TRBBZQM128F931A529': 77, 'TRANONM128F92EAF7A': 5, 'TRAZDPO128E078ECE6': 3, 'TRAMFJR128F92C1DB1': 23}","{'AR65K7A1187FB4DAA4': 1, 'AR2FSX31187B98E3EF': 10, 'AR40GSU1187FB3AA01': 77, 'AR12F2S1187FB56EEF': 3, 'ARAEX7Y1187FB42D36': 23}"
3cb134901f76a056c70c25b40edc45316854bd04,104,418,"{'TRARUTP128E0797FC7': 26, 'TRAURYF128F147805D': 78}","{'ARQUMH41187B9AF699': 26, 'ARR3ONV1187B9A2F59': 78}"
3d7cfff1f790d1176e4a0d4e6142f81dd07460aa,108,454,"{'TRAAGCZ128F93210FD': 107, 'TRBIFGK128F92F23A2': 1}","{'ARTDQRC1187FB4EFD4': 107, 'ARVG4OK1187B9B6BD3': 1}"
3dbe63a12722081985696a01d7fcb35d30610c5b,118,493,"{'TRAWMBE128F423A76C': 110, 'TRABCKL128F423A778': 8}",{'ARPFHN61187FB575F6': 118}
3e0ef8a5a1550513b9e7f5530d5a33d0624df787,139,718,"{'TRAZDPO128E078ECE6': 18, 'TRAURYF128F147805D': 20, 'TRAUOPE128EF367610': 101}","{'AR12F2S1187FB56EEF': 18, 'ARR3ONV1187B9A2F59': 20, 'ARQUMH41187B9AF699': 101}"
3ef7689e38b66155202916450293fd42732ee00d,105,1938,"{'TRAZDPO128E078ECE6': 1, 'TRAAMES128F42AF068': 6, 'TRBHLXQ128E07856AC': 4, 'TRAZZLJ128E07945F2': 91, 'TRAQDUR128F931B4E9': 1, 'TRAPKBI128F92F9D33': 1, 'TRATHTH128F42BC347': 1}","{'AR12F2S1187FB56EEF': 1, 'ARFVYJI1187B9B8E13': 6, 'ARNLO5S1187B9B80CC': 4, 'ARWC1WN1187FB516CE': 91, 'ARBEBBY1187B9B43DB': 2, 'ARF2EHS1187B994F4E': 1}"
40436a67317cf9cc8c835cdbc088222f932ca3b1,127,1465,"{'TRBGGBF128F425E4D1': 1, 'TRAGYMA128EF34B55E': 69, 'TRACTOP128F147AAE1': 1, 'TRAMTYX128F42985D0': 1, 'TRAYQLP128F92FA224': 23, 'TRBBQGV12903CB5CD3': 1, 'TRAWBHE12903CBC4CB': 30, 'TRAWLYS12903CCFEFC': 1}","{'AR7IYVY1187B9A2648': 1, 'ARN8NCB1187FB49652': 69, 'ARRLCY71187B9A0FC6': 1, 'ARA1UU51187FB5A70B': 1, 'AR65K7A1187FB4DAA4': 23, 'ARPDVPJ1187B9ADBE9': 1, 'ARKQQZA12086C116FC': 30, 'AR3THYK1187B999F1F': 1}"
40df6ac4c26c87f96764da9cd8101b46203ab21d,140,1162,"{'TRAVWZA128F931F36E': 41, 'TRAWCIC128F92FE36A': 20, 'TRAWBHE12903CBC4CB': 2, 'TRAOAYQ12903CFE05C': 44, 'TRAQJMP128F92E3821': 33}","{'ARUHYH21187B98BA89': 41, 'ARNQAVF11F4C844C04': 20, 'ARKQQZA12086C116FC': 2, 'ARZCXO91187FB53708': 44, 'ARR3ONV1187B9A2F59': 33}"
41003efb4a90e468320ca834d07cfe9cb8b3f88f,344,183,{'TRAZCMR128F1462B51': 344},{'AR1PRQ21187FB3B481': 344}
41ddf3cacffcad2c327e7337350d58f66f22ef19,103,2418,"{'TRBHYIK128F92E210B': 8, 'TRAWYNV128F92F5E7E': 9, 'TRADESF128F4214D8E': 8, 'TRAFAJC128E078888B': 1, 'TRAGBPI128E0792998': 9, 'TRAURYF128F147805D': 50, 'TRADYQK128F42A762A': 17, 'TRBICGT128E0792473': 1}","{'ARR3ONV1187B9A2F59': 75, 'ARM7EDF1187B9B3FA1': 27, 'AR6G4V01187B9AD086': 1}"
421a43936c80f2232747bdcf340e2744fdf37aa6,159,959,"{'TRASRXK128F9311176': 36, 'TRAMGPM128F9311196': 60, 'TRAURYF128F147805D': 24, 'TRALEPN128F9311179': 17, 'TRARTEH128F423DBC1': 22}","{'ARM0P6Z1187FB4D466': 113, 'ARR3ONV1187B9A2F59': 24, 'ARH6W4X1187B99274F': 22}"
423c5ee9d740d55ba71262d37d5040c8c103d8a3,102,207,{'TRBBMHE128EF341D09': 102},{'ARUQ6301187FB54EBA': 102}
431030a86eb0c1bffa91ed9dfa0ebf862dec7e66,118,433,"{'TRBGFUW12903CA0E6B': 80, 'TRAEFOU128F932105B': 38}","{'AR1ABAO1187FB531E1': 80, 'AR0WCZW1187B99F592': 38}"
443e4652e68f06e133bbd1bd4afffc797ae4e6fe,119,1088,"{'TRABIOI12903CD8B9B': 3, 'TRAFCZM128F931AD24': 3, 'TRAOBOQ12903CC1289': 37, 'TRAMBEY128F42408F1': 76}","{'ARJ9B1V1187FB4DD1F': 3, 'AR9VEMN1187FB4D75B': 3, 'ARTR7971187FB4CF69': 37, 'AR3O66A1187FB39519': 76}"
448dd7c9a217508f57963f72265705a883fdd5b0,139,405,"{'TRABKUJ128F4292445': 138, 'TRANBUW128F933C645': 1}","{'AR0S7TA1187FB4D024': 138, 'ARJ7KF01187B98D717': 1}"
4531a71eeb09937ef2e19de1904b8514cd234e89,106,441,"{'TRAAGCZ128F93210FD': 101, 'TRAXLZU12903D05F94': 5}","{'ARTDQRC1187FB4EFD4': 101, 'ARWPYQI1187FB4D55A': 5}"
45a690222483f859f4a1aaee475fd62d72028b33,127,245,{'TRAWMMI128F149CB27': 127},{'AR8CT8U1187FB4D803': 127}
4609dcabec403d570d265154d702ae000fd5b44c,122,747,"{'TRAXRSK128F42B44D2': 109, 'TRAUXSK128F427C58D': 4, 'TRAWRKT128E0788857': 9}","{'AR46CAD1187FB4D84B': 109, 'ARUSOMY1187FB4D3B4': 4, 'ARZWK2R1187B98F09F': 9}"
4626aa787c5e156440970cc12f9ecad4cde3f06b,106,803,"{'TRBDOVF128E0795641': 1, 'TRAXBLJ128F92EEBB1': 10, 'TRAWBHE12903CBC4CB': 95}","{'AR65K7A1187FB4DAA4': 1, 'AR9O0LF1187B99D0D1': 10, 'ARKQQZA12086C116FC': 95}"
46474cad92820165fa5a866b708df6e26f1e8eda,189,177,{'TRADGQI128F1472928': 189},{'AR6C8EJ1187FB3F473': 189}
4845a903c7ae76ae5eb627c4bdac34a0e2b41e55,112,671,"{'TRAGYMA128EF34B55E': 4, 'TRBBECU128F931E67C': 107, 'TRAWBHE12903CBC4CB': 1}","{'ARN8NCB1187FB49652': 4, 'AR95CRV1187B9AFD6D': 107, 'ARKQQZA12086C116FC': 1}"
484734ce6667a6a25df23a961d5c5a9458afbfa1,232,1839,"{'TRAPCVT128F428A9D0': 6, 'TRAXRSK128F42B44D2': 50, 'TRAMGPM128F9311196': 142, 'TRAWRKT128E0788857': 7, 'TRALEPN128F9311179': 1, 'TRAASQC128F93480F0': 9, 'TRAWPFY128F428A9CD': 7, 'TRBHPVP128E0785A51': 8, 'TRALROP128F92CA9CC': 2}","{'AR46CAD1187FB4D84B': 63, 'ARM0P6Z1187FB4D466': 143, 'ARZWK2R1187B98F09F': 16, 'ARHRY5S1187B99B96F': 8, 'AR6XPWV1187B9ADAEB': 2}"
487c1c583b231bedd12aef0d8b96671039714dfa,186,98,{'TRAWLYS12903CCFEFC': 186},{'AR3THYK1187B999F1F': 186}
48a972ce17e8dd30cd20a2d149962a0af0ba76b3,141,202,{'TRAVFSL128E078E22A': 141},{'AR21YNH1187FB49649': 141}
4a2910e905536befc3a6dcefa64d41e85c185747,160,229,{'TRBBECU128F931E67C': 160},{'AR95CRV1187B9AFD6D': 160}
4a85ec5f279001b500f5ea7953e0f9c5b6d3c60c,142,1157,"{'TRAAGCZ128F93210FD': 16, 'TRAUGTI128F4273726': 114, 'TRAZDPO128E078ECE6': 12}","{'ARTDQRC1187FB4EFD4': 16, 'AR6U7461187FB59499': 114, 'AR12F2S1187FB56EEF': 12}"
4bbbab66e922aed481ed7569fc4fddc442c1ad66,107,343,{'TRBGRIP128F147FCA6': 107},{'AR9W3X91187FB3994C': 107}
4bbe835115b87c507086a24ee56f84fcaace6c45,101,748,"{'TRAUJKJ128E078FA48': 19, 'TRBAFWX12903CA9831': 15, 'TRADQAR128F92ED3DC': 67}","{'ARC8CQZ1187B98DECA': 19, 'ARUKN9H1187B9B71C8': 82}"
4bcb95c0955da3cb205a76134d02a54f5660a506,103,303,{'TRAUTPD128F92F1376': 103},{'AR198711187B9AD09F': 103}
4be305e02f4e72dad1b8ac78e630403543bab994,162,1936,"{'TRAEVRI128F93608F3': 1, 'TRBCJUF128F93190C2': 1, 'TRAURYF128F147805D': 101, 'TRAYQLP128F92FA224': 1, 'TRAWBHE12903CBC4CB': 54, 'TRAOAYQ12903CFE05C': 1, 'TRANMKF128E07995A8': 1, 'TRBDMIN128F147FCBB': 2}","{'AR9W3X91187FB3994C': 4, 'ARKZJ301187FB521B2': 1, 'ARR3ONV1187B9A2F59': 101, 'AR65K7A1187FB4DAA4': 1, 'ARKQQZA12086C116FC': 54, 'ARZCXO91187FB53708': 1}"
4c6426c9c734c23ec0c35154437fc132b862068c,112,455,"{'TRAVFSL128E078E22A': 111, 'TRAWCIC128F92FE36A': 1}","{'AR21YNH1187FB49649': 111, 'ARNQAVF11F4C844C04': 1}"
4cef1d2fa5e04fc1f78f9a43d028d7914df563c2,377,199,{'TRBEDVH128F14599C7': 377},{'ARTYXQC1187B9ACAB2': 377}
4cef4edbc419f99ca586a1f7f61bb1d742446e14,108,704,"{'TRBDOVF128E0795641': 3, 'TRANONM128F92EAF7A': 103, 'TRAYQLP128F92FA224': 2}","{'AR65K7A1187FB4DAA4': 5, 'AR2FSX31187B98E3EF': 103}"
4ec84d6c0fd5c2e43446d41d3b5591ae81f44de5,116,339,{'TRBBJVD128E07826F3': 116},{'ARZS5VW1187FB567E8': 116}
501d3ee01c3fbf0647eabd76fd9c0006b23a64c7,132,202,{'TRAVFSL128E078E22A': 132},{'AR21YNH1187FB49649': 132}
50d4d5cf479914d6ff0b9ea4678587d70d773339,121,203,{'TRBBXTY128F427EA62': 121},{'ARBM57Q1187B9AF97C': 121}
51a4b7f3eb55c0d7dac321f90c9f6f66070c3b76,108,172,{'TRAGYMA128EF34B55E': 108},{'ARN8NCB1187FB49652': 108}
5283bbab35895a56cae7adf0857b7438af386984,100,98,{'TRAWLYS12903CCFEFC': 100},{'AR3THYK1187B999F1F': 100}
53c7d41d7b8957f251effc3be56c31d77eca5050,120,548,"{'TRAAGCZ128F93210FD': 8, 'TRBEONB128EF3405E6': 112}","{'ARTDQRC1187FB4EFD4': 8, 'AR1H4F51187B9946A5': 112}"
543818a011c5ef09d85e2bb0c0e8427f83af35e0,109,2021,"{'TRAXRSK128F42B44D2': 45, 'TRAMCND128F1466ACF': 23, 'TRACTIE128F92E473B': 9, 'TRBEKGR128F425DA44': 6, 'TRAWEIX128F14B0F05': 17, 'TRBBJAJ128F425DA40': 6, 'TRACTLX128F42A51F6': 3}","{'AR46CAD1187FB4D84B': 45, 'ARLHO5Z1187FB4C861': 23, 'ARSW5F51187FB4CFC9': 9, 'ARQOATR1187B9AE959': 12, 'AR9OMFE1187FB3BB54': 17, 'AR6J3X81187FB59A7B': 3}"
5453b6c6b2267613e7f3e36ae3f86599acaf966a,107,964,"{'TRAZASM128F932FBEE': 2, 'TRBGGBF128F425E4D1': 6, 'TRAURYF128F147805D': 3, 'TRBFURI128F1455498': 95, 'TRAWMMI128F149CB27': 1}","{'ARYVO9V1187B9B1FC6': 2, 'AR7IYVY1187B9A2648': 6, 'ARR3ONV1187B9A2F59': 3, 'ARCJKV91187FB46210': 95, 'AR8CT8U1187FB4D803': 1}"
54a7590c02939f1fe223cd628d6a86b70add8509,146,477,"{'TRAAGCZ128F93210FD': 78, 'TRANONM128F92EAF7A': 68}","{'ARTDQRC1187FB4EFD4': 78, 'AR2FSX31187B98E3EF': 68}"
54d180a8c016672b3cf0824f545691145074ecb7,321,217,{'TRAZHAJ128F4289AE1': 321},{'ARMW4I01187B98AEF8': 321}
54f45d14e7e855f35d510b7924b1b591655b19c0,122,366,{'TRAJDGB128F42882AC': 122},{'AR3MSAN1187B98F06B': 122}
5765efb4f6be544863bceb3828d5a6e91e513810,105,1179,"{'TRAWMBE128F423A76C': 3, 'TRBDODQ128F423A780': 2, 'TRAWCIC128F92FE36A': 88, 'TRAWBHE12903CBC4CB': 3, 'TRBFEID128F42368AC': 9}","{'ARPFHN61187FB575F6': 14, 'ARNQAVF11F4C844C04': 88, 'ARKQQZA12086C116FC': 3}"
5808f8523dee6c837fe9173e1bd1f3b3072f71b3,109,98,{'TRAWLYS12903CCFEFC': 109},{'AR3THYK1187B999F1F': 109}
590a4fc4be0cd12f5c08e0376b89104928cb956e,113,98,{'TRAWLYS12903CCFEFC': 113},{'AR3THYK1187B999F1F': 113}
59565a9a2a86c12c54bd887c723a47c7f8ab8090,129,504,"{'TRAFBVU128F426B3F6': 128, 'TRAKQXJ128F147A028': 1}","{'ARLSF8H1187B9A76B0': 128, 'AR2FAMK1187FB4CF60': 1}"
59c33eeab4c4537098806a4d18ffd952ead08b98,102,2702,"{'TRBGGBF128F425E4D1': 57, 'TRAVSVL128F14B12BE': 1, 'TRAZORC128F426C323': 1, 'TRBCJUF128F93190C2': 1, 'TRBIFWB128F1460D8C': 1, 'TRBHLXQ128E07856AC': 2, 'TRBIFGK128F92F23A2': 34, 'TRANBUW128F933C645': 1, 'TRBEATE128E078F0D8': 1, 'TRBCBXZ128F14628C3': 1, 'TRATHTH128F42BC347': 1, 'TRBEGQC12903CAB228': 1}","{'AR7IYVY1187B9A2648': 57, 'ARXSABJ1187FB3C336': 1, 'ARWD3OC1187FB3A666': 1, 'ARKZJ301187FB521B2': 1, 'AREGV3K1187B9AF614': 1, 'ARNLO5S1187B9B80CC': 2, 'ARVG4OK1187B9B6BD3': 34, 'ARJ7KF01187B98D717': 1, 'ARDVZTE1187FB5A0A1': 1, 'AR37XMN1187B9AC408': 1, 'ARF2EHS1187B994F4E': 1, 'AROKAO61187FB38105': 1}"
59c907be2c917cb8dd6e4e746037ed992043f545,122,556,{'TRAQVJM128F9310F20': 122},{'ARUYVDC12086C11D5C': 122}
5a42e6dcb75f7511740737e5762e28135365fda4,100,186,{'TRAGXBL128F149EBA2': 100},{'ARLSGUY1187B98AEBC': 100}
5ae062ec96cca8441e69910ae49302e5e5949bcc,450,634,"{'TRAZCMR128F1462B51': 427, 'TRAUTCA128F429B624': 7, 'TRAGNBQ128F149CB93': 16}","{'AR1PRQ21187FB3B481': 427, 'ARXPE571187FB4AFD0': 7, 'ARSG7NQ1187FB57482': 16}"
5d5a27d2fe3d45e515e79ddb7f70822ef5cd3600,320,2571,"{'TRBHYIK128F92E210B': 1, 'TRASRXK128F9311176': 12, 'TRBGJDW128F4292EDB': 1, 'TRARUTP128E0797FC7': 7, 'TRAQFGR128EF34E7AF': 1, 'TRBAEYW128F147D9EA': 5, 'TRACCUS128F92E1FEB': 1, 'TRALEPN128F9311179': 131, 'TRAFMPX128F4246C49': 1, 'TRBEQFT128F146BD6D': 5, 'TRAUOPE128EF367610': 153, 'TRAQJMP128F92E3821': 2}","{'ARR3ONV1187B9A2F59': 4, 'ARM0P6Z1187FB4D466': 143, 'AR52EZT1187B9900BF': 1, 'ARQUMH41187B9AF699': 160, 'ARI4S0E1187B9B06C0': 1, 'ARY5TFK1187B9BA2BD': 5, 'ARQATWU1187B98EE26': 1, 'ARSL3N21187B98DFC5': 5}"
5f32671b79a02698f97daede9b1941fc4076ba50,110,1241,"{'TRARUTP128E0797FC7': 30, 'TRAWIQY12903CCC64A': 45, 'TRADYQK128F42A762A': 2, 'TRAWBHE12903CBC4CB': 32, 'TRAQJMP128F92E3821': 1}","{'ARQUMH41187B9AF699': 30, 'ARVXU2X1187B9AE6D8': 45, 'ARR3ONV1187B9A2F59': 3, 'ARKQQZA12086C116FC': 32}"
5f439ba550ed1b45a44d2d660f8817832282786e,268,77,{'TRAHSPW128F149867A': 268},{'AR3THYK1187B999F1F': 268}
6288a982f7a4e089d72487264ba74d6df962f713,153,288,{'TRAXBLJ128F92EEBB1': 153},{'AR9O0LF1187B99D0D1': 153}
6326095256b355d4b4fa34771b7b524a1c4cc8f8,153,1419,"{'TRAAEEH128E0795DFE': 138, 'TRARUTP128E0797FC7': 2, 'TRAURYF128F147805D': 2, 'TRARTEH128F423DBC1': 2, 'TRAWCIC128F92FE36A': 8, 'TRAWBHE12903CBC4CB': 1}","{'AR3793X1187FB50CB3': 138, 'ARQUMH41187B9AF699': 2, 'ARR3ONV1187B9A2F59': 2, 'ARH6W4X1187B99274F': 2, 'ARNQAVF11F4C844C04': 8, 'ARKQQZA12086C116FC': 1}"
65c23b32ecf7636bd62af8f928967cd0f23b00d8,188,560,"{'TRANVZT128F42AE134': 27, 'TRBCSDW128F424D686': 161}","{'AR11YQ81187FB3C654': 27, 'ARIRCA31187FB58E84': 161}"
68024225c05dc8d317cc22b45abc64eff393b3f4,132,183,{'TRAZCMR128F1462B51': 132},{'AR1PRQ21187FB3B481': 132}
68c98485da1b49b89377f0135590a203bf3a1ae3,143,457,"{'TRBALRR128F429625D': 130, 'TRAFYGO128F42727E7': 13}","{'AR03BDP1187FB5B324': 130, 'AR65K7A1187FB4DAA4': 13}"
68da9914aac14277b532c9a8aa1be1432b5309d5,110,360,"{'TRAZCMR128F1462B51': 90, 'TRAGNGY12903C9CD76': 20}","{'AR1PRQ21187FB3B481': 90, 'ARED2DG1187FB3CB4D': 20}"
6a6d346cc92ee699a765a06fd97db74b864a8129,202,284,{'TRALDUE128F9312AF2': 202},{'ARVN9FZ1187FB393F1': 202}
6a7e7e32d95a1104d6c42aa502a2936c8a99f1a0,143,98,{'TRAWLYS12903CCFEFC': 143},{'AR3THYK1187B999F1F': 143}
6a8b61d606e5c386036e2c72868c6e9c961bc25a,138,208,{'TRARUTP128E0797FC7': 138},{'ARQUMH41187B9AF699': 138}
6b2f7ebe111914c93771758a3f54c43336cf432f,105,733,"{'TRAMCND128F1466ACF': 103, 'TRATQSL128F932E2ED': 1, 'TRBIBLJ12903CCF436': 1}","{'ARLHO5Z1187FB4C861': 103, 'ARXPPEY1187FB51DF4': 1, 'ARBEOHF1187B9B044D': 1}"
6b8ea7cc9f437da931879b9404b4e69dee4af81e,118,1101,"{'TRAQYFL12903D138CF': 27, 'TRARUTP128E0797FC7': 1, 'TRATBNG128F92CADA8': 34, 'TRABUVN128F930633C': 28, 'TRBDGNU128E078A4AF': 28}","{'ARBNXYA1187FB51C50': 89, 'ARQUMH41187B9AF699': 1, 'ARORSBT11F50C4A96B': 28}"
6be2ac4fa0478867e2827870fc925f623c2fb261,101,208,{'TRAUWFN128F1462E09': 101},{'AR048JZ1187B9AEB85': 101}
6c8faa430c61308b863c22f322ea9fef161f1be8,282,216,{'TRBFURI128F1455498': 282},{'ARCJKV91187FB46210': 282}
6ca4dc98190b54591aa639d598c86ac1790897e2,100,681,"{'TRAWBHE12903CBC4CB': 6, 'TRAQJMP128F92E3821': 93, 'TRAOXSN128F4282FB5': 1}","{'ARKQQZA12086C116FC': 6, 'ARR3ONV1187B9A2F59': 93, 'AR05IU31187B9B9A1A': 1}"
6d09d9c64602d913c1a702062c203995ef7dd3c0,112,208,{'TRARUTP128E0797FC7': 112},{'ARQUMH41187B9AF699': 112}
6eb3a457f412ef647796f9b3c68845aece7c354f,107,528,"{'TRAURYF128F147805D': 4, 'TRAXKPM12903D0611E': 99, 'TRAHUQT128F4281228': 4}","{'ARR3ONV1187B9A2F59': 4, 'ARD842G1187B997376': 99, 'ARPAAHK1187B9ABB00': 4}"
6fddfd7066b500ff1a6fb59bb086670a76c63db2,101,1477,"{'TRAAINT128F933BBE0': 15, 'TRAETYC128F933BBF4': 6, 'TRAZSBF128F933BBCA': 15, 'TRASPZQ128F933BBDA': 41, 'TRBASFU128F933BBF0': 8, 'TRAIGSC128F933BBD7': 16}",{'ARVEJ9M1187FB4DC44': 101}
70424948e0227351fd8695f45686390c73abf1c2,101,957,"{'TRAURYF128F147805D': 3, 'TRAOJEW128F4294CBD': 95, 'TRBEELS128F42B63A8': 1, 'TRBEBEZ128E0792F08': 2}","{'ARR3ONV1187B9A2F59': 3, 'ARJCOPY1187FB5C315': 95, 'ARWV0Q11187FB4CDCE': 1, 'AR6I54S1187FB48C6B': 2}"
7323c1c0cc06f5f77f61db323d00a0a628092848,194,1364,"{'TRAHQBJ12903CAB1FA': 1, 'TRAQTKV128F427BFA5': 1, 'TRAIGNN128F9326AB4': 174, 'TRAYUXO12903C99CBF': 14, 'TRBBCVJ128F425BE2C': 3, 'TRBBOKQ128F933AE7C': 1}","{'AR2AGLK1187B9AAAD0': 1, 'ARPAAHK1187B9ABB00': 1, 'ARDQ9AP1187B9BA3F6': 174, 'AR4EQ231187B99368F': 14, 'ARAI2ZO1187B9A0536': 3, 'AR2BG0R1187FB398C3': 1}"
738759001498928d8dcb054cd53a1a0cfc200d36,106,8653,"{'TRBGGBF128F425E4D1': 5, 'TRBDOVF128E0795641': 5, 'TRANSKF128F147FCB4': 6, 'TRAVVZW12903CCEEE7': 4, 'TRAAGCZ128F93210FD': 1, 'TRBDIOP128EF35F99C': 3, 'TRAGSGF128E0780CA7': 4, 'TRAWDRR128F4285F57': 2, 'TRAALCM128F4264370': 4, 'TRAEVRI128F93608F3': 2, 'TRBCJUF128F93190C2': 1, 'TRAZDPO128E078ECE6': 1, 'TRAGJQZ128F9302ADA': 1, 'TRBIHKT128F4290554': 5, 'TRAYIUG12903CC7E3C': 1, 'TRAYQLP128F92FA224': 12, 'TRBDHKL128F426BE45': 1, 'TRBIBLJ12903CCF436': 3, 'TRAIYDL128E0791583': 1, 'TRAZBBP128E07845D4': 1, 'TRBCJSZ128E07969B5': 3, 'TRBFLIP128E07897B4': 3, 'TRAMFJR128F92C1DB1': 10, 'TRAIQDI128F92E8E1F': 1, 'TRAFYGO128F42727E7': 1, 'TRANBUW128F933C645': 6, 'TRAWBHE12903CBC4CB': 1, 'TRADODV128F4283EB6': 1, 'TRAUCNU128F42671EB': 1, 'TRAKMUO128F4215890': 1, 'TRAPTOE128F4272000': 2, 'TRANSUM128F92E8DF3': 1, 'TRANMKF128E07995A8': 1, 'TRBDMIN128F147FCBB': 6, 'TRBDRIN128F9308ABF': 1, 'TRARIRG128F147FC96': 4}","{'AR7IYVY1187B9A2648': 5, 'AR65K7A1187FB4DAA4': 18, 'AR9W3X91187FB3994C': 19, 'ARBEOHF1187B9B044D': 7, 'ARTDQRC1187FB4EFD4': 1, 'ARF5M7Q1187FB501E8': 3, 'ARJ7KF01187B98D717': 16, 'AR9AWNF1187B9AB0B4': 2, 'ARAEX7Y1187FB42D36': 19, 'ARKZJ301187FB521B2': 1, 'AR12F2S1187FB56EEF': 1, 'ARCGJ6U1187FB4D01F': 3, 'AR2UQQ51187B9AC816': 2, 'ARKU3Z61187FB51DCA': 2, 'ARRH63Y1187FB47783': 1, 'ARAIABB1187B9AC6E2': 2, 'ARKQQZA12086C116FC': 1, 'AREV2491187B9B017E': 1, 'ARDCFNZ1187FB3DDB0': 1, 'ARAMIDF1187FB3D8D4': 1}"
749348e70dcc7b0f0aeac4675fe0a2f66b4468d4,149,229,{'TRAAGCZ128F93210FD': 149},{'ARTDQRC1187FB4EFD4': 149}
7495c022668844e19add504dc91ad1ed466911d0,281,124,{'TRAUYNK128F425BDB9': 281},{'ARD0FN11187B9B25CD': 281}
757deb1052905e3a2aaee785fb8212f85a7d7072,126,619,"{'TRBHVJH12903CE8978': 5, 'TRAZCMR128F1462B51': 1, 'TRAXBLJ128F92EEBB1': 120}","{'ARTHEAP122BCFCD0B2': 5, 'AR1PRQ21187FB3B481': 1, 'AR9O0LF1187B99D0D1': 120}"
7595931caa04658922d0d242f82a755f93a12969,241,98,{'TRAWLYS12903CCFEFC': 241},{'AR3THYK1187B999F1F': 241}
75eb6f0f01e8133cb5753fd6c72834eca0473c3a,132,369,"{'TRAHUQT128F4281228': 1, 'TRAPTOE128F4272000': 131}","{'ARPAAHK1187B9ABB00': 1, 'ARCGJ6U1187FB4D01F': 131}"
76ab3da7183da07b0756832c819b04c987ad9549,117,390,"{'TRARUTP128E0797FC7': 116, 'TRATHTH128F42BC347': 1}","{'ARQUMH41187B9AF699': 116, 'ARF2EHS1187B994F4E': 1}"
770e5525f4ca2be7d3480658c02ea414d5682938,127,245,{'TRAMCND128F1466ACF': 127},{'ARLHO5Z1187FB4C861': 127}
77563324a1e97c92470e416b7682d01f20275434,175,225,{'TRBIFGK128F92F23A2': 175},{'ARVG4OK1187B9B6BD3': 175}
7816cb2b56365299a6ad4a6ea437d005c0776d2a,250,1042,"{'TRBHKXX128F4252D02': 8, 'TRAQQVR128F4255A3A': 1, 'TRAWMMI128F149CB27': 180, 'TRANBUW128F933C645': 31, 'TRAPVXU128F149E7CD': 30}","{'ARH6W4X1187B99274F': 8, 'ARAXU5Z1187B98FECD': 1, 'AR8CT8U1187FB4D803': 180, 'ARJ7KF01187B98D717': 31, 'ARWDEEB11E2835E73C': 30}"
78227fa21c4550f625301e32feea32b5bf98cd35,235,1354,"{'TRAXRSK128F42B44D2': 1, 'TRAMCGL128F92F3D87': 16, 'TRAQRJO128F42B7B09': 211, 'TRAMKDJ128F92F3D8B': 7}","{'AR46CAD1187FB4D84B': 1, 'ARHUC691187B9AD27F': 23, 'ARSQDUN1187B98D7D7': 211}"
78b797dbfb9cbbbbff640fbabd3a6cb833f286a9,111,709,"{'TRAFYGO128F42727E7': 3, 'TRBEDVH128F14599C7': 55, 'TRAPTOE128F4272000': 53}","{'AR65K7A1187FB4DAA4': 3, 'ARTYXQC1187B9ACAB2': 55, 'ARCGJ6U1187FB4D01F': 53}"
79d70c435dc982d743443b5f8e1eee111226f158,192,119,{'TRAHUQT128F4281228': 192},{'ARPAAHK1187B9ABB00': 192}
7a08d282e03d51efeedb227e9064421b6f7930b6,119,446,"{'TRAEUIW12903D018F0': 17, 'TRAZBRT128F9305CE3': 102}","{'ARC8CQZ1187B98DECA': 17, 'ARX9YIP1187B98A656': 102}"
7b8c9082653a861520b6bff2b3a10d75a9b8b0bf,104,204,{'TRAQRJO128F42B7B09': 104},{'ARSQDUN1187B98D7D7': 104}
7b999f1551d91ab92f5323576082289bdbf719c1,165,456,"{'TRAXRSK128F42B44D2': 143, 'TRARUTP128E0797FC7': 22}","{'AR46CAD1187FB4D84B': 143, 'ARQUMH41187B9AF699': 22}"
7d38d66c71a84b4e92eedd7785a58c3cc2379e80,138,457,"{'TRASRXK128F9311176': 126, 'TRAQGNV128C7196894': 12}","{'ARM0P6Z1187FB4D466': 126, 'ARA3I0J1187FB57869': 12}"
7d5fe9c4d4e6f93cae8257c3eb582607be33e3a0,380,343,{'TRBGRIP128F147FCA6': 380},{'AR9W3X91187FB3994C': 380}
7f64da940be21d44c6d2226f351d91ad8f457dbb,185,422,"{'TRAGYMA128EF34B55E': 109, 'TRAZBRT128F9305CE3': 76}","{'ARN8NCB1187FB49652': 109, 'ARX9YIP1187B98A656': 76}"
7f7cf7c2e276c3d19edb3421099ff9ad091b23e4,109,753,"{'TRATTGW128F427A82D': 3, 'TRBFEID128F42368AC': 22, 'TRAQJMP128F92E3821': 84}","{'ARVXV1J1187FB5BF88': 3, 'ARPFHN61187FB575F6': 22, 'ARR3ONV1187B9A2F59': 84}"
81118fa20048d6311a849e763459bf7bb6a419dc,134,642,"{'TRBFXMJ12903CB50F6': 1, 'TRAZCMR128F1462B51': 132, 'TRBDSFP128E07937B9': 1}","{'ARXLMH011C8A415658': 1, 'AR1PRQ21187FB3B481': 132, 'ARPGTHP1187B9AC284': 1}"
81650c9b43141044d223686112dd3a1602c3e326,257,927,"{'TRAQFGR128EF34E7AF': 148, 'TRBIFGK128F92F23A2': 23, 'TRARMHA128F92E7D32': 80, 'TRAPTOE128F4272000': 6}","{'ARI4S0E1187B9B06C0': 148, 'ARVG4OK1187B9B6BD3': 23, 'ARANOZN1187B9B373E': 80, 'ARCGJ6U1187FB4D01F': 6}"
81891e78e731f622a3e5189e9ba226e6da207191,105,326,{'TRABCFL128F149BB0D': 105},{'ARLTWXK1187FB5A3F8': 105}
81c4a5466021230e0a4dd930d83714b95132c64b,133,531,"{'TRAURYF128F147805D': 80, 'TRASVOH12903CCDC0B': 1, 'TRAWLYS12903CCFEFC': 52}","{'ARR3ONV1187B9A2F59': 80, 'ARPDVPJ1187B9ADBE9': 1, 'AR3THYK1187B999F1F': 52}"
821a715c31b50a177c40820663912ed615e67885,104,528,"{'TRARTEH128F423DBC1': 102, 'TRAHVZW128F146477A': 2}","{'ARH6W4X1187B99274F': 102, 'AR7GUNF1187B990CCF': 2}"
83f87b3fc274e87cae9dc6e84ed45f4acfcc1d24,183,172,{'TRAGYMA128EF34B55E': 183},{'ARN8NCB1187FB49652': 183}
8634d455d2ec0ccdecedd1097bdb3921cedbb739,116,1042,"{'TRBCFPP128E0781D6F': 3, 'TRAKQKT128F4259E25': 106, 'TRBCGRI128F93355E9': 4, 'TRAPVXU128F149E7CD': 3}","{'ARFCUN31187B9AD578': 3, 'ARHPPJK1187B9AC897': 110, 'ARWDEEB11E2835E73C': 3}"
86582c3f4490c0751988d5782ca02d715235adb6,112,734,"{'TRANONM128F92EAF7A': 3, 'TRBDMIN128F147FCBB': 69, 'TRAOXSN128F4282FB5': 40}","{'AR2FSX31187B98E3EF': 3, 'AR9W3X91187FB3994C': 69, 'AR05IU31187B9B9A1A': 40}"
86671e8c3773e597456133d94feec571570a7c40,102,260,{'TRAFYGO128F42727E7': 102},{'AR65K7A1187FB4DAA4': 102}
87b9680d2db44f901bf79d9a61fb298dbb2a6603,166,249,{'TRBHKXX128F4252D02': 166},{'ARH6W4X1187B99274F': 166}
8859e9c7aba562471082bda866aef1746d3595d8,114,439,"{'TRASHPV128F4281CB1': 6, 'TRALSOA128F4275F49': 108}","{'AR9O98A1187FB39621': 6, 'ARAIJG51187B9B97A4': 108}"
889c415eed565d927c11cee844de911a75245c8f,139,1155,"{'TRALPOE128F4272278': 64, 'TRAJEYL128F931B518': 73, 'TRBEONB128EF3405E6': 1, 'TRAAIII128F427D5D8': 1}","{'AR2S6UD1187B9B944F': 64, 'ARZAHDN1187B9B4BED': 73, 'AR1H4F51187B9946A5': 1, 'ARTB5PP1187FB523B7': 1}"
8911df0b419fa8d86bf2232ab0de83ed27a552e2,124,367,"{'TRAWBHE12903CBC4CB': 16, 'TRAWLYS12903CCFEFC': 108}","{'ARKQQZA12086C116FC': 16, 'AR3THYK1187B999F1F': 108}"
89793bb00626a133909c1c3dfbfe06d98eafea96,105,224,{'TRASVOH12903CCDC0B': 105},{'ARPDVPJ1187B9ADBE9': 105}
8a765bd8e7f238902f103e462251fde3b5dc24b8,108,1617,"{'TRASVHD128F1465963': 103, 'TRAGYMA128EF34B55E': 1, 'TRATPCS128F146224A': 1, 'TRBDOFA128F427C09D': 1, 'TRARMHA128F92E7D32': 1, 'TRAXBLJ128F92EEBB1': 1}","{'ARY2ZUX1187B9A266C': 103, 'ARN8NCB1187FB49652': 1, 'AROSI8L1187B9ACD43': 1, 'ARKSZW81187B9B695D': 1, 'ARANOZN1187B9B373E': 1, 'AR9O0LF1187B99D0D1': 1}"
8aab962d9a89e14f80249e7d91a441b36f762c88,115,1435,"{'TRASRXK128F9311176': 5, 'TRABRMJ128E0780E42': 1, 'TRBCUPT128F1462B73': 80, 'TRAYDZH128C71967BC': 3, 'TRAUWFN128F1462E09': 12, 'TRALEPN128F9311179': 4, 'TRANBUW128F933C645': 5, 'TRASAIH128F931F567': 5}","{'ARM0P6Z1187FB4D466': 9, 'ARA3I0J1187FB57869': 1, 'ARIMZQZ1187B9AD541': 85, 'ARH9HS41187FB5BC6F': 3, 'AR048JZ1187B9AEB85': 12, 'ARJ7KF01187B98D717': 5}"
8ae7b3a604c68d688986d4e6ac705886749bfd8a,111,769,"{'TRAVSVL128F14B12BE': 25, 'TRBEBYV128F14A0B65': 74, 'TRAWBHE12903CBC4CB': 12}","{'ARXSABJ1187FB3C336': 25, 'AR219DK1187FB4CEFC': 74, 'ARKQQZA12086C116FC': 12}"
8cdfbc4f5afd41536e6411ddee8699ed6201ba3b,128,480,"{'TRAWBHE12903CBC4CB': 39, 'TRAQJMP128F92E3821': 89}","{'ARKQQZA12086C116FC': 39, 'ARR3ONV1187B9A2F59': 89}"
8d8a3f9093342607796ff4e998db007588c5f914,521,430,"{'TRADGQI128F1472928': 501, 'TRAWCIC128F92FE36A': 20}","{'AR6C8EJ1187FB3F473': 501, 'ARNQAVF11F4C844C04': 20}"
8d8c07f4e0619a84502a5204f65dc15022ed7933,152,1858,"{'TRAYJOF128F92F9EEA': 1, 'TRADVNR12903CE5A54': 117, 'TRAZDPO128E078ECE6': 8, 'TRAYQLP128F92FA224': 10, 'TRBALRR128F429625D': 2, 'TRASVOH12903CCDC0B': 2, 'TRAWBHE12903CBC4CB': 1, 'TRBBMHE128EF341D09': 11}","{'ARJGIOD1187B9AE920': 1, 'AR1ZZOW1187B99BA84': 117, 'AR12F2S1187FB56EEF': 8, 'AR65K7A1187FB4DAA4': 10, 'AR03BDP1187FB5B324': 2, 'ARPDVPJ1187B9ADBE9': 2, 'ARKQQZA12086C116FC': 1, 'ARUQ6301187FB54EBA': 11}"
8e0dd300ccb1c2d8c64d1b389102e9a7fc4c034c,234,506,{'TRALOBE12903CDA6C5': 234},{'AR035N21187FB3938E': 234}
8f81730c18a2d0cb7baf1b37b8d4f0093bd0cc8f,124,249,{'TRAPTOE128F4272000': 124},{'ARCGJ6U1187FB4D01F': 124}
926bb036b93f3a8c55b6d58d5ffb7f009dd5d0eb,403,269,{'TRAACCG128F92E8A55': 403},{'AR5KOSW1187FB35FF4': 403}
944dd140fd5ce645b58a2ebb1d41f8ff18f2186b,112,952,"{'TRADESF128F4214D8E': 13, 'TRAAMES128F42AF068': 1, 'TRAURYF128F147805D': 30, 'TRAFXCP128F93182DD': 68}","{'ARM7EDF1187B9B3FA1': 13, 'ARFVYJI1187B9B8E13': 1, 'ARR3ONV1187B9A2F59': 30, 'AR2P71H1187B9B8C00': 68}"
965702fba51b1ad8322740af4d9eff41573b19e2,155,476,"{'TRAGSGF128E0780CA7': 1, 'TRBCUPT128F1462B73': 154}","{'ARJ7KF01187B98D717': 1, 'ARIMZQZ1187B9AD541': 154}"
9775f3a2506976f26fda8b417e3c52d31d1f9c6e,161,319,{'TRBEONB128EF3405E6': 161},{'AR1H4F51187B9946A5': 161}
99d724639a1e51f53770236f24c87e2ca9126ec6,170,229,{'TRAAGCZ128F93210FD': 170},{'ARTDQRC1187FB4EFD4': 170}
9a0450bcdbbab79d5c2d3a251c820cd88ec0fa0e,163,478,"{'TRARUTP128E0797FC7': 5, 'TRAACCG128F92E8A55': 158}","{'ARQUMH41187B9AF699': 5, 'AR5KOSW1187FB35FF4': 158}"
9d31d6c819fe1f584481f33d20cd58c93515cd5f,110,643,"{'TRAGYMA128EF34B55E': 6, 'TRARUTP128E0797FC7': 102, 'TRBEBYV128F14A0B65': 2}","{'ARN8NCB1187FB49652': 6, 'ARQUMH41187B9AF699': 102, 'AR219DK1187FB4CEFC': 2}"
9e603c305c0f83ffbccac08ef1f4a8e2cf6a424a,123,511,"{'TRAJXQL128F428CAF0': 30, 'TRALSOA128F4275F49': 93}","{'AR0OTEX1187FB3600D': 30, 'ARAIJG51187B9B97A4': 93}"
9ebed4b5e765a9fc52abe207ad7059a9438bd80d,136,399,"{'TRASAQI128F426EEA3': 135, 'TRAWOPG128F92EF9A1': 1}","{'AR5FP401187FB523C9': 135, 'ARH8VT91187FB49CA2': 1}"
9f3b3d69cff4644e50a7f8a51992319943bc25a9,204,330,"{'TRAYJFZ128F424ED48': 1, 'TRAZCMR128F1462B51': 203}","{'AR9GQKV1187FB52E44': 1, 'AR1PRQ21187FB3B481': 203}"
9fcdb0eaae2e0590572d688ef1b35b0962c2dbea,116,483,"{'TRBHKXX128F4252D02': 3, 'TRAOOHM128F1453E33': 113}","{'ARH6W4X1187B99274F': 3, 'ARZXTEY1187B9997A7': 113}"
9ff71cec854aba423d1729862ce7ecafa6f1a12d,154,172,{'TRAGYMA128EF34B55E': 154},{'ARN8NCB1187FB49652': 154}
a1253a9bf5a923de200687cf9c830e4ff045e26e,156,74,{'TRAPMIV128F422F1D3': 156},{'ARMOHN71187FB3959F': 156}
a1e5f8bc78f8740d6f1e37975ca97c8cc31bd13d,114,1396,"{'TRAGEAS128F4258B9E': 11, 'TRALBIA128F4272082': 4, 'TRBDXQL128F424392E': 31, 'TRAIVMN128F147C5B8': 1, 'TRAMESI128F93509F7': 4, 'TRAXYPP128F92F9111': 63}","{'ART1R9I1187B9B3324': 105, 'AR5LZJD1187FB4C5E5': 8, 'AR658OS1187FB5C451': 1}"
a2465c96340faf54e15445e66afc480a1760d01c,228,1383,"{'TRAWCJY128F146A1D5': 179, 'TRANPWV128F9341281': 15, 'TRBHLXQ128E07856AC': 14, 'TRAWCIC128F92FE36A': 5, 'TRAWFVE128F42912CA': 15}","{'ARIZODP1187B9AD272': 179, 'AR1OBRC1187FB59AD4': 15, 'ARNLO5S1187B9B80CC': 14, 'ARNQAVF11F4C844C04': 5, 'ARLSF8H1187B9A76B0': 15}"
a3f5db66731126b173610095b831a216a0e27da4,772,348,"{'TRBGKMB128F146E125': 771, 'TRAQHNX128E07822A7': 1}","{'ARSS4Y41187B9B0AC6': 771, 'ARH6W4X1187B99274F': 1}"
a48fc040a55f01699baefa5df4fc9141519ade35,104,476,"{'TRABKUJ128F4292445': 99, 'TRAURYF128F147805D': 5}","{'AR0S7TA1187FB4D024': 99, 'ARR3ONV1187B9A2F59': 5}"
a5239637faeab1a833c18574f846996baa385aa8,169,225,{'TRBIFGK128F92F23A2': 169},{'ARVG4OK1187B9B6BD3': 169}
a61541c493da68aee665fbe557bed597a3ca7cd6,113,1491,"{'TRAZBRT128F9305CE3': 14, 'TRAZDPO128E078ECE6': 1, 'TRAUDIS12903CC453A': 59, 'TRAWBHE12903CBC4CB': 6, 'TRAXGLQ12903CDBF13': 32, 'TRAUOPE128EF367610': 1}","{'ARX9YIP1187B98A656': 14, 'AR12F2S1187FB56EEF': 1, 'AR6TKMQ1187B9ACEDA': 59, 'ARKQQZA12086C116FC': 6, 'ARD2NDU1187B99B615': 32, 'ARQUMH41187B9AF699': 1}"
a64fe3e599e72f993e594f93ae1c21f43f810a15,180,635,"{'TRARUTP128E0797FC7': 8, 'TRAZCMR128F1462B51': 171, 'TRANCOH128F422F31D': 1}","{'ARQUMH41187B9AF699': 8, 'AR1PRQ21187FB3B481': 171, 'AR10USD1187B99F3F1': 1}"
a7032ba1f7ab2e2339d69f1a2f1e69f524120118,102,98,{'TRAWLYS12903CCFEFC': 102},{'AR3THYK1187B999F1F': 102}
a973d7b5607c9ae7de455eae0843a1979328f8dd,161,225,{'TRBGCAK128F425F3CC': 161},{'AR4L4WQ1187FB51996': 161}
a9978bf6b2029a3d8696444f5cace5f181701457,130,209,{'TRAAFYL128E07856A7': 130},{'ARNLO5S1187B9B80CC': 130}
a9a532e5605fef550e6d976d662ee1dd466b7c42,124,211,{'TRAQJMP128F92E3821': 124},{'ARR3ONV1187B9A2F59': 124}
ab33654d08d0981059be714e9dc857ee44af0625,106,498,"{'TRAJOPN128F423BEC3': 57, 'TRBGISL128F9342049': 49}","{'ARDF8K01187FB37200': 57, 'ARODHHS1187FB37814': 49}"
ad41bc9e0c0d24e09ff447bc65d49f1a4f25a3d6,105,438,"{'TRAFHRS128F14599C0': 70, 'TRAUNND12903CD03BC': 35}","{'ARP96FM1187B9AEA77': 70, 'ARN5L1O1187FB4D955': 35}"
aeef8a84b04060037c64934f1737d947f42e9c47,133,559,"{'TRASIKP128F423EED7': 114, 'TRBEONB128EF3405E6': 19}","{'ARFSPOV1187B9B2363': 114, 'AR1H4F51187B9946A5': 19}"
b061b683bc4a75f24b4d1f98da1b252a7e312e74,103,240,{'TRBIHKT128F4290554': 103},{'ARAEX7Y1187FB42D36': 103}
b0a80135775b22b7f48b9e794f2f31cfd1b56fad,121,530,"{'TRAZBRT128F9305CE3': 112, 'TRAFHRS128F14599C0': 9}","{'ARX9YIP1187B98A656': 112, 'ARP96FM1187B9AEA77': 9}"
b0af449f6e2bc09be87d932d6668a038f5956721,102,869,"{'TRANRFB128F1481F1E': 5, 'TRAZDPO128E078ECE6': 93, 'TRACYXW128F4297569': 4}","{'AR4BDNG1187FB44870': 5, 'AR12F2S1187FB56EEF': 93, 'ARASYMJ1187B9ACAF2': 4}"
b0c29cea7471bfdfe678511733376a1e7b7f67af,106,719,"{'TRAWMBE128F423A76C': 103, 'TRABCKL128F423A778': 2, 'TRBFEID128F42368AC': 1}",{'ARPFHN61187FB575F6': 106}
b125d5c6babe22491bf25565fd8bda152223907b,100,276,"{'TRAOZEJ128F428CCEA': 20, 'TRBBOKQ128F933AE7C': 80}","{'AR3MSAN1187B98F06B': 20, 'AR2BG0R1187FB398C3': 80}"
b1444ff1f5d0b53dae1f52f3b16074b7d428ae16,158,491,"{'TRAMFJR128F92C1DB1': 72, 'TRAUOEY128F421CBD3': 86}","{'ARAEX7Y1187FB42D36': 72, 'ARWD25M1187FB4C563': 86}"
b17dfc2c7fe6f1733cb26fc00868e61f6e9a34c0,107,201,{'TRBCUPT128F1462B73': 107},{'ARIMZQZ1187B9AD541': 107}
b1dedbe283176825ca42d1199906b4db5e8b22f1,283,552,"{'TRAUWFN128F1462E09': 1, 'TRBGRIP128F147FCA6': 282}","{'AR048JZ1187B9AEB85': 1, 'AR9W3X91187FB3994C': 282}"
b248158c8c27302672168a51de89de84b3974fd8,115,704,"{'TRARJEM128F92E444D': 109, 'TRBAUVN128F932FEF8': 2, 'TRAMESI128F93509F7': 4}","{'ARI4S0E1187B9B06C0': 109, 'AR03BDP1187FB5B324': 2, 'AR5LZJD1187FB4C5E5': 4}"
b27a75ecfd097c4dbb769d11a2f1ef4511d771b7,100,250,{'TRAZBRT128F9305CE3': 100},{'ARX9YIP1187B98A656': 100}
b2c5cff69924d56da73c1cac3ced4ec014d4a687,155,1277,"{'TRASPAS128E078DFB3': 72, 'TRADSQZ128F42707D7': 17, 'TRAUJKJ128E078FA48': 23, 'TRATKVY128EF35F97A': 2, 'TRBBQFV128F4252EFF': 27, 'TRANBUW128F933C645': 14}","{'ARAZCWP129462A97F1': 72, 'ARIH5GU1187FB4C958': 17, 'ARC8CQZ1187B98DECA': 50, 'ARF5M7Q1187FB501E8': 2, 'ARJ7KF01187B98D717': 14}"
b2e96a28036c9f47b3d0ab13b74dbc590ec4fe25,141,579,"{'TRAQYWJ128F931282C': 2, 'TRAURYF128F147805D': 7, 'TRAQJMP128F92E3821': 132}","{'ARVBP9K1187FB48254': 2, 'ARR3ONV1187B9A2F59': 139}"
b3872a8af3629e4f4346887fea580e1f47de927b,109,521,"{'TRAVWZA128F931F36E': 108, 'TRBFLIP128E07897B4': 1}","{'ARUHYH21187B98BA89': 108, 'ARJ7KF01187B98D717': 1}"
b4f4b2799470858399e486220770d980340a8fcb,157,1223,"{'TRAWMBE128F423A76C': 152, 'TRAUURC128E078EC6E': 1, 'TRASVOH12903CCDC0B': 2, 'TRAWBHE12903CBC4CB': 1, 'TRAGNBQ128F149CB93': 1}","{'ARPFHN61187FB575F6': 152, 'ARTH9041187FB43E1F': 1, 'ARPDVPJ1187B9ADBE9': 2, 'ARKQQZA12086C116FC': 1, 'ARSG7NQ1187FB57482': 1}"
b50b9185d31a711d553da7357c0fa5ecbe564f32,119,183,{'TRAZCMR128F1462B51': 119},{'AR1PRQ21187FB3B481': 119}
b6c79912718439f7184176fa95dde078967ddc81,145,98,{'TRAWLYS12903CCFEFC': 145},{'AR3THYK1187B999F1F': 145}
b6e857b77a2a8046d56e620f6283de26dc2a901b,322,233,{'TRANAUJ128E07860B0': 322},{'ARTE9CG1187B99B1AF': 322}
b7c24f770be6b802805ac0e2106624a517643c17,112,6801,"{'TRAXRSK128F42B44D2': 1, 'TRBDSWA128F92FE70A': 3, 'TRADNRU128F428AC6D': 1, 'TRAWYNV128F92F5E7E': 2, 'TRADESF128F4214D8E': 1, 'TRARUTP128E0797FC7': 5, 'TRAFTDN128F427C29D': 1, 'TRAYDZH128C71967BC': 1, 'TRAZORC128F426C323': 1, 'TRAGBHV128F4295074': 1, 'TRAEMTU128EF363016': 2, 'TRAJPIQ128F14819A8': 8, 'TRAGBPI128E0792998': 1, 'TRACUXJ128E0785F2B': 9, 'TRAURYF128F147805D': 22, 'TRACCUS128F92E1FEB': 2, 'TRAPUDN128F423B45C': 1, 'TRANCOH128F422F31D': 5, 'TRALTKQ128F932DA67': 1, 'TRANBUW128F933C645': 1, 'TRAWBHE12903CBC4CB': 4, 'TRAUKPE128F425ED86': 5, 'TRASAIH128F931F567': 1, 'TRAENVO128E0781A16': 1, 'TRBEERY128F4231A2E': 2, 'TRAVROB128F9305B80': 26, 'TRAQJMP128F92E3821': 3, 'TRAPKBI128F92F9D33': 1}","{'AR46CAD1187FB4D84B': 2, 'ARAPH9U1187B9B34F0': 3, 'ARM7EDF1187B9B3FA1': 4, 'ARQUMH41187B9AF699': 5, 'ARWA8AH1187FB3FC84': 1, 'ARH9HS41187FB5BC6F': 1, 'ARWD3OC1187FB3A666': 1, 'AR8ZQ9T1187FB56FE5': 1, 'ARAH4TU1187FB51D28': 2, 'AR3Q48J1187FB55278': 17, 'ARR3ONV1187B9A2F59': 27, 'AR0KBXO1187B996460': 1, 'AR10USD1187B99F3F1': 5, 'AR3TG3X1187FB4D577': 1, 'ARJ7KF01187B98D717': 1, 'ARKQQZA12086C116FC': 4, 'AR0LVFQ1187B9A84E0': 5, 'ARIMZQZ1187B9AD541': 1, 'ARCLFWR1187B9AE7B2': 1, 'AR65OLD1187FB5C103': 2, 'ART4EPR1187FB38772': 26, 'ARBEBBY1187B9B43DB': 1}"
bbf6b5d02bef781f3ca8e20e431ce704834d301f,103,372,"{'TRAQYFL12903D138CF': 5, 'TRBEDVH128F14599C7': 98}","{'ARBNXYA1187FB51C50': 5, 'ARTYXQC1187B9ACAB2': 98}"
be134b828085c3347ac3ea6b5285c8938d7dd6b2,145,248,{'TRBAUHT128F92F0657': 145},{'ARPAAHK1187B9ABB00': 145}
be31983fb3a83a09670d78c91c41affa4c9bb82b,302,207,{'TRACLMT12903CA1F5C': 302},{'AR202MX1187B9B0383': 302}
bed60c76923748648e77674875ed77203629a451,124,98,{'TRAWLYS12903CCFEFC': 124},{'AR3THYK1187B999F1F': 124}
c0b6d17ce23e3f89b42070fd60ac0a131eea2c71,117,1426,"{'TRBCVBK128E07813EC': 107, 'TRAQQVR128F4255A3A': 1, 'TRAAEEH128E0795DFE': 1, 'TRAFTDN128F427C29D': 1, 'TRABIPA128F1458F79': 7}","{'ARAXU5Z1187B98FECD': 108, 'AR3793X1187FB50CB3': 1, 'ARWA8AH1187FB3FC84': 1, 'ARDG9Z71187B997023': 7}"
c0d0464b754cd5abf064c166279350204b334ded,119,380,{'TRAMCGL128F92F3D87': 119},{'ARHUC691187B9AD27F': 119}
c0ff0f1c93f67c1fb372b36b1b08bb4c76bead7d,127,1500,"{'TRBDOVF128E0795641': 6, 'TRAJHCO128F42570C1': 38, 'TRAASGM128EF34DBB0': 3, 'TRACFYQ128E0784150': 1, 'TRARWQY128F1462A4C': 10, 'TRAOOHM128F1453E33': 54, 'TRAPFXX128E0785EBA': 15}","{'AR65K7A1187FB4DAA4': 6, 'ARVUN5F1187FB4CCC7': 38, 'ARUZRFN1187B98AC05': 3, 'ARRXG5Y1187B9AA016': 1, 'ARZXTEY1187B9997A7': 64, 'ARKSZW81187B9B695D': 15}"
c107d2ffc0cfbecebc11a1d29149b300058d7fda,231,250,{'TRAZBRT128F9305CE3': 231},{'ARX9YIP1187B98A656': 231}
c1255748c06ee3f6440c51c439446886c7807095,191,10366,"{'TRARMWA128F424147D': 3, 'TRAGQLG128F9351109': 3, 'TRAPJFL128F42AA7B4': 1, 'TRALJBT128F4266FD8': 15, 'TRBDOVF128E0795641': 4, 'TRALSXX128F92F94B0': 1, 'TRAQYFL12903D138CF': 12, 'TRBFBAB128F4227B85': 3, 'TRAGSGF128E0780CA7': 3, 'TRAVPOV128F429EC1B': 1, 'TRACSTF128F4238A87': 2, 'TRAQTKV128F427BFA5': 4, 'TRBCJUF128F93190C2': 1, 'TRARFQL128F931E523': 1, 'TRAZDPO128E078ECE6': 1, 'TRAGBPI128E0792998': 3, 'TRAGJQZ128F9302ADA': 1, 'TRASDOI128F1480E28': 3, 'TRAOHNR128F428CD58': 1, 'TRAYQLP128F92FA224': 9, 'TRBDHKL128F426BE45': 2, 'TRAPUDN128F423B45C': 1, 'TRBHIRB128F1452ACC': 3, 'TRALBOZ128F4251490': 3, 'TRADRJK128E078F041': 3, 'TRBCJSZ128E07969B5': 1, 'TRAFYGO128F42727E7': 4, 'TRANUEV128F4282392': 3, 'TRAUOEY128F421CBD3': 5, 'TRBBQGV12903CB5CD3': 4, 'TRAITRS128F9308142': 2, 'TRAGZQD128F428E68B': 1, 'TRAFMPX128F4246C49': 3, 'TRABUVN128F930633C': 1, 'TRBEDVH128F14599C7': 73, 'TRANBUW128F933C645': 2, 'TRAWBHE12903CBC4CB': 2, 'TRBBJAJ128F425DA40': 2, 'TRASSJE128F427927A': 1, 'TRAYXPS128F422842E': 1, 'TRATHTH128F42BC347': 2}","{'ARQATWU1187B98EE26': 6, 'ARBFCK11187FB4C89B': 3, 'AR6XPWV1187B9ADAEB': 1, 'AR7C6G11187B9B4C1E': 15, 'AR65K7A1187FB4DAA4': 17, 'ARD3LXU1187B9ABFC5': 1, 'ARBNXYA1187FB51C50': 12, 'ARYO9BU1187B9ADA88': 3, 'ARJ7KF01187B98D717': 6, 'AR7Q0O91187FB4DBE7': 4, 'ARADF5Q1187B98DAE7': 2, 'ARPAAHK1187B9ABB00': 4, 'ARKZJ301187FB521B2': 1, 'ARMRCET1187FB52049': 1, 'AR12F2S1187FB56EEF': 1, 'ARM7EDF1187B9B3FA1': 3, 'ARCGJ6U1187FB4D01F': 1, 'AR4OU721187FB4549D': 3, 'AR3MSAN1187B98F06B': 1, 'ARKU3Z61187FB51DCA': 2, 'AR0KBXO1187B996460': 1, 'ARXSABJ1187FB3C336': 3, 'AR050VJ1187B9B13A7': 3, 'AREHK7O1187B9ADDD7': 3, 'ARWD25M1187FB4C563': 5, 'ARPDVPJ1187B9ADBE9': 4, 'ARRBINW1187B98AE6D': 2, 'AREENKN1187B98F35D': 2, 'ARORSBT11F50C4A96B': 1, 'ARTYXQC1187B9ACAB2': 73, 'ARKQQZA12086C116FC': 2, 'ARQOATR1187B9AE959': 2, 'ARNBIUE1187FB3E846': 1, 'ARF2EHS1187B994F4E': 2}"
c14555b2bae667e911e7bdd6e01103f88f949f73,129,571,"{'TRAQQVR128F4255A3A': 1, 'TRAUONA128F4255A38': 1, 'TRADPIA128E078EE1B': 127}","{'ARAXU5Z1187B98FECD': 2, 'ARH3S5S1187FB4F76B': 127}"
c15570ec9ccc9f4093fc51dba952de0558c74ae7,221,98,{'TRAWLYS12903CCFEFC': 221},{'AR3THYK1187B999F1F': 221}
c18b0ba0684a379194bedf54d8af3f395ebe28e3,117,444,"{'TRAYJOF128F92F9EEA': 112, 'TRAUOEY128F421CBD3': 5}","{'ARJGIOD1187B9AE920': 112, 'ARWD25M1187FB4C563': 5}"
c2803b4e572dfd3d134f17c1e87e1023ac8c826e,136,468,"{'TRAFJYB128F9311212': 103, 'TRAURYF128F147805D': 33}","{'ARHRY5S1187B99B96F': 103, 'ARR3ONV1187B9A2F59': 33}"
c2cfe1a60743f7ac127014a830900eed76fb784c,104,519,"{'TRAZBRT128F9305CE3': 83, 'TRAWBHE12903CBC4CB': 21}","{'ARX9YIP1187B98A656': 83, 'ARKQQZA12086C116FC': 21}"
c2e96e4138536cda7061e9ebbbf634e8bfe370ba,158,392,"{'TRANBUW128F933C645': 6, 'TRAWCIC128F92FE36A': 152}","{'ARJ7KF01187B98D717': 6, 'ARNQAVF11F4C844C04': 152}"
c3494a818d2f4833ee4189e3c01eec8c3d043d4a,103,225,{'TRBGCAK128F425F3CC': 103},{'AR4L4WQ1187FB51996': 103}
c373c654d3b0ae9e4a730023a6337069084ef068,116,897,"{'TRBHKXX128F4252D02': 8, 'TRBDNDG128E0782EDC': 5, 'TRABXPR128F92F27FE': 8, 'TRAZCMR128F1462B51': 95}","{'ARH6W4X1187B99274F': 8, 'ARMG34A1187FB548A8': 5, 'ARF0COO1187B99B9EF': 8, 'AR1PRQ21187FB3B481': 95}"
c37fd5cc3f905280a017a3df1ab98596d0e5d7c1,118,216,{'TRBDODQ128F423A780': 118},{'ARPFHN61187FB575F6': 118}
c4a621ce368269c28c034851952a0561b3e5d70a,102,858,"{'TRAXRSK128F42B44D2': 63, 'TRAAGCZ128F93210FD': 1, 'TRBDBWW128F426D386': 27, 'TRATBNG128F92CADA8': 11}","{'AR46CAD1187FB4D84B': 90, 'ARTDQRC1187FB4EFD4': 1, 'ARBNXYA1187FB51C50': 11}"
c4e39863d31ec44b0d6099851e65fdc0c4a0f9d0,119,755,"{'TRAVRPL128F145E874': 22, 'TRAURYF128F147805D': 15, 'TRAHQWU128F4277B78': 82}","{'ARJ7VKJ1187B98BA4B': 22, 'ARR3ONV1187B9A2F59': 15, 'AR8J63I119B8668504': 82}"
c78a8130b6ffa91549827f479b40ba9508cbb515,151,635,"{'TRADESF128F4214D8E': 2, 'TRARUTP128E0797FC7': 83, 'TRAUOPE128EF367610': 66}","{'ARM7EDF1187B9B3FA1': 2, 'ARQUMH41187B9AF699': 149}"
c8eb547df01637194a2a06c2d8ac141878efe363,108,886,"{'TRAYMKM128F4277046': 2, 'TRBCJSZ128E07969B5': 29, 'TRBFLIP128E07897B4': 34, 'TRANBUW128F933C645': 43}","{'ARIWB161187B9AA1D5': 2, 'ARJ7KF01187B98D717': 106}"
c8fd1a9362a4f4da60e4f93f50020515301b4bb0,206,98,{'TRAWLYS12903CCFEFC': 206},{'AR3THYK1187B999F1F': 206}
c91ef6f28e93dd85383a09d3db330527c150e1a5,225,98,{'TRAWLYS12903CCFEFC': 225},{'AR3THYK1187B999F1F': 225}
c9eaa43a51f00a248f0ab4c6591405462a8f636b,101,971,"{'TRAVFSL128E078E22A': 80, 'TRBDSWA128F92FE70A': 1, 'TRBDMCC128F9358267': 9, 'TRBGRIP128F147FCA6': 11}","{'AR21YNH1187FB49649': 80, 'ARAPH9U1187B9B34F0': 1, 'AREN1A11187FB527EF': 9, 'AR9W3X91187FB3994C': 11}"
cae7ee518909d8cceba361d20d1d6436912ee62b,153,537,"{'TRAUTTP128F425BDEB': 79, 'TRBGCAK128F425F3CC': 74}",{'AR4L4WQ1187FB51996': 153}
cbbfa615945325ce23683f8527b0a857b34fd79c,120,98,{'TRAWLYS12903CCFEFC': 120},{'AR3THYK1187B999F1F': 120}
cc1bcd7555cf2f4ddbfb178e927b335e971d8c46,300,442,"{'TRAGYMA128EF34B55E': 299, 'TRAWBHE12903CBC4CB': 1}","{'ARN8NCB1187FB49652': 299, 'ARKQQZA12086C116FC': 1}"
cd0348b64e97bfbfa10b05e60f5d3a9d6ad22b10,152,183,{'TRAZCMR128F1462B51': 152},{'AR1PRQ21187FB3B481': 152}
cd45f116526b659546497b47c634cf7fc5f378f9,205,183,{'TRAZCMR128F1462B51': 205},{'AR1PRQ21187FB3B481': 205}
ce3ab7dfba7c2cb1558045a7f4bc4741349f5b4c,117,98,{'TRAWLYS12903CCFEFC': 117},{'AR3THYK1187B999F1F': 117}
d0b8357c1316e05eb6f009bf783e26f9c22ec11a,117,183,{'TRAZCMR128F1462B51': 117},{'AR1PRQ21187FB3B481': 117}
d169880562d3beec9cc89ae3261d3f028deeedfb,136,1235,"{'TRANSKF128F147FCB4': 28, 'TRAEVRI128F93608F3': 12, 'TRAETTV12903CBBD09': 52, 'TRBDMIN128F147FCBB': 44}","{'AR9W3X91187FB3994C': 84, 'ARNDL191187FB51583': 52}"
d54f00957050055dba3883048b1a19b7140599c8,133,229,{'TRARCZH12903CF7D2F': 133},{'ARD8JVH1187FB4DA04': 133}
d5923fbbbf567aa08e4a8ef1a880d5122c3b1797,106,78,{'TRBGGBF128F425E4D1': 106},{'AR7IYVY1187B9A2648': 106}
d661dc67924c3e06082fad9061a42b2e83f32d6d,153,491,"{'TRBDOVF128E0795641': 1, 'TRAMCND128F1466ACF': 152}","{'AR65K7A1187FB4DAA4': 1, 'ARLHO5Z1187FB4C861': 152}"
d7936cbd0b7e20bf5917774c72f264675891ec24,113,743,"{'TRAURYF128F147805D': 40, 'TRAYYIN12903CAD8C6': 37, 'TRAUOEY128F421CBD3': 36}","{'ARR3ONV1187B9A2F59': 40, 'ARCF06I1187B995398': 37, 'ARWD25M1187FB4C563': 36}"
d7bce0518f98477f6b88bdb7de35b185b8bb2f46,104,269,{'TRAWBHE12903CBC4CB': 104},{'ARKQQZA12086C116FC': 104}
d7d2d888ae04d16e994d6964214a1de81392ee04,151,4036,"{'TRAEWVG128F428AC7F': 1, 'TRAZXDC128F429874E': 1, 'TRAHIZR128F148D3D1': 5, 'TRAZDPO128E078ECE6': 1, 'TRACYXW128F4297569': 11, 'TRAMOGA12903CB4421': 4, 'TRANQDS12903CE3E1D': 4, 'TRAJNTJ12903CDB09A': 6, 'TRAWBWG128F1462C30': 39, 'TRBFURI128F1455498': 7, 'TRAEQAB128F429C226': 1, 'TRAHZHD128F1462C2D': 36, 'TRARSMV128F1469CCF': 24, 'TRAADMH128F9343E59': 6, 'TRAFMHY128F92FDDBF': 1, 'TRAPKBI128F92F9D33': 2, 'TRARREF128F422FD96': 2}","{'AR6XPWV1187B9ADAEB': 1, 'ARTYXQC1187B9ACAB2': 1, 'AR5LE4K1187FB4C3BE': 5, 'AR12F2S1187FB56EEF': 1, 'ARASYMJ1187B9ACAF2': 11, 'ARO5P0H1187FB5BAD7': 4, 'ARV38M11187B99424D': 4, 'AR7TTS41187B9B42D3': 12, 'ARW0Z9V1187B9A0699': 75, 'ARCJKV91187FB46210': 7, 'ARAZCWP129462A97F1': 1, 'ARLUAK21187B9B785A': 24, 'ARV4KO21187FB38008': 1, 'ARBEBBY1187B9B43DB': 2, 'AR050VJ1187B9B13A7': 2}"
d81d22848e36062fc197a0e23d3690d896364a33,102,1306,"{'TRABKUJ128F4292445': 94, 'TRAYBVN128F932245C': 3, 'TRAPMTM128F425B4E5': 2, 'TRAAZLK128F93586D6': 2, 'TRARLGD128F93119C1': 1}","{'AR0S7TA1187FB4D024': 94, 'ARHUEFT1187B989694': 3, 'AR3DCWS1187B9A4416': 2, 'ARXG6L11187FB5695E': 2, 'ARL6FF81187FB5A916': 1}"
d8f7b390848e05685985497122ae8121e9d91e79,136,829,"{'TRAURYF128F147805D': 13, 'TRANBUW128F933C645': 10, 'TRAWBHE12903CBC4CB': 98, 'TRAQJMP128F92E3821': 15}","{'ARR3ONV1187B9A2F59': 28, 'ARJ7KF01187B98D717': 10, 'ARKQQZA12086C116FC': 98}"
d9de18a49ea814da475e7086a9a9711909e40467,191,1127,"{'TRAMCGL128F92F3D87': 44, 'TRBGCAK128F425F3CC': 107, 'TRAMKDJ128F92F3D8B': 40}","{'ARHUC691187B9AD27F': 84, 'AR4L4WQ1187FB51996': 107}"
da8f599ba3726e74aff88f540f0dc63110507d0e,123,343,{'TRBGRIP128F147FCA6': 123},{'AR9W3X91187FB3994C': 123}
db21e2f91d2ee9fd5fbaeed28e852b8f92e3756c,162,247,{'TRAXRSK128F42B44D2': 162},{'AR46CAD1187FB4D84B': 162}
db6a78c78c9239aba33861dae7611a6893fb27d5,138,9061,"{'TRATZQS128F1467D4B': 1, 'TRBDOVF128E0795641': 7, 'TRBENDH128F1467D62': 1, 'TRAWYNV128F92F5E7E': 1, 'TRADESF128F4214D8E': 1, 'TRAGSGF128E0780CA7': 19, 'TRAQFGR128EF34E7AF': 18, 'TRAALCM128F4264370': 1, 'TRAVPOV128F429EC1B': 3, 'TRAWMBE128F423A76C': 2, 'TRBCJUF128F93190C2': 9, 'TRARFQL128F931E523': 1, 'TRBHJAY128F14A9061': 2, 'TRAIYZW128F9330F7D': 1, 'TRBDUXD128F148328A': 1, 'TRAYQLP128F92FA224': 14, 'TRBDHKL128F426BE45': 3, 'TRBALRR128F429625D': 2, 'TRBHIRB128F1452ACC': 1, 'TRAIYDL128E0791583': 5, 'TRBDOFA128F427C09D': 3, 'TRBCJSZ128E07969B5': 1, 'TRAEFON128E078C6F8': 1, 'TRBEKGR128F425DA44': 1, 'TRAFYGO128F42727E7': 1, 'TRANUEV128F4282392': 1, 'TRAUOEY128F421CBD3': 6, 'TRADZXK128F429DB92': 2, 'TRBIFGK128F92F23A2': 2, 'TRARMHA128F92E7D32': 14, 'TRANBUW128F933C645': 2, 'TRBFEID128F42368AC': 2, 'TRBAGTE128F930629B': 1, 'TRADWAU128F145622F': 5, 'TRALROP128F92CA9CC': 1, 'TRATHTH128F42BC347': 2}","{'ARYML1P1187B9AF39B': 2, 'AR65K7A1187FB4DAA4': 22, 'ARM7EDF1187B9B3FA1': 2, 'ARJ7KF01187B98D717': 22, 'ARI4S0E1187B9B06C0': 18, 'ARAEX7Y1187FB42D36': 1, 'AR7Q0O91187FB4DBE7': 4, 'ARPFHN61187FB575F6': 4, 'ARKZJ301187FB521B2': 9, 'ARMRCET1187FB52049': 2, 'ARJVTRE1187B9959C0': 2, 'ARRH63Y1187FB47783': 1, 'ARKU3Z61187FB51DCA': 8, 'AR03BDP1187FB5B324': 2, 'ARXSABJ1187FB3C336': 1, 'ARKSZW81187B9B695D': 3, 'ARB336A1187B9A4583': 1, 'ARQOATR1187B9AE959': 2, 'ARWD25M1187FB4C563': 6, 'ARVG4OK1187B9B6BD3': 4, 'ARANOZN1187B9B373E': 14, 'ARZKUQF11F4C8456E8': 5, 'AR6XPWV1187B9ADAEB': 1, 'ARF2EHS1187B994F4E': 2}"
dc16a3f94588d1eb05f63ddac65fd93511215040,122,232,{'TRAWDRR128F4285F57': 122},{'AR9AWNF1187B9AB0B4': 122}
dd94f7302227076e154c7af6673eb1ba57ffcdce,115,382,"{'TRALDUE128F9312AF2': 29, 'TRAWLYS12903CCFEFC': 86}","{'ARVN9FZ1187FB393F1': 29, 'AR3THYK1187B999F1F': 86}"
ddf36438c7bf7ef49756de307c6f70cacbd1db22,116,537,"{'TRAUTTP128F425BDEB': 60, 'TRBGCAK128F425F3CC': 56}",{'AR4L4WQ1187FB51996': 116}
de055fa21ae187fa1bce5cb9992e69ed6815b4bd,107,250,{'TRAZBRT128F9305CE3': 107},{'ARX9YIP1187B98A656': 107}
df2627501a3f755b30c1fb8fb4ece2a96a44e50e,137,501,"{'TRAICHS128E0785545': 2, 'TRAWCIC128F92FE36A': 135}","{'ARNLO5S1187B9B80CC': 2, 'ARNQAVF11F4C844C04': 135}"
e0eb6c408cb9d7fe562f045fd3c2adac66f8635e,114,279,{'TRAPVXU128F149E7CD': 114},{'ARWDEEB11E2835E73C': 114}
e188fe2b5e466d90dd3749be8556fc003343ddfd,102,936,"{'TRAWMBE128F423A76C': 58, 'TRBDODQ128F423A780': 1, 'TRABCKL128F423A778': 1, 'TRBFEID128F42368AC': 42}",{'ARPFHN61187FB575F6': 102}
e20129c840023e32b81c5659bc4da81b978f82e6,106,671,"{'TRBCVBK128E07813EC': 30, 'TRBICVB128F9326B65': 43, 'TRAWEIX128F14B0F05': 33}","{'ARAXU5Z1187B98FECD': 30, 'AR4IWYN1187FB47DF6': 43, 'AR9OMFE1187FB3BB54': 33}"
e3712c9c0e0edce76276384664ae25ad215aca8c,123,666,"{'TRARAAG128F42437FB': 113, 'TRAYQLP128F92FA224': 3, 'TRASVOH12903CCDC0B': 7}","{'ARLIIVS1187FB5583B': 113, 'AR65K7A1187FB4DAA4': 3, 'ARPDVPJ1187B9ADBE9': 7}"
e3e68a0c494d53e2f47a9bf591fc101ea7fff3e3,136,282,{'TRBAJRL128F1482E66': 136},{'ARUYGJ31187B9A2FEA': 136}
e469e40ec1da27e900e41e5323609b95b0791fbc,251,309,"{'TRAWLYS12903CCFEFC': 229, 'TRAQJMP128F92E3821': 22}","{'AR3THYK1187B999F1F': 229, 'ARR3ONV1187B9A2F59': 22}"
e4fddf7eb36b53b4e015ba0ae41ab8e24e00a301,148,1539,"{'TRAURYF128F147805D': 1, 'TRAQHCG128E07951DA': 4, 'TRBHLXQ128E07856AC': 1, 'TRAOAYQ12903CFE05C': 30, 'TRALROP128F92CA9CC': 2, 'TRAWCQE128F14676AC': 110}","{'ARR3ONV1187B9A2F59': 1, 'ARS2W231187B99EDEC': 4, 'ARNLO5S1187B9B80CC': 1, 'ARZCXO91187FB53708': 30, 'AR6XPWV1187B9ADAEB': 2, 'ARUTEVU1187B9ACAF9': 110}"
e642363b1f912b3ed6dcc8be1b5082ea611ad86e,138,240,{'TRASIKP128F423EED7': 138},{'ARFSPOV1187B9B2363': 138}
e68571e6a1482986680d9f237ff7a149f0c6e52f,121,429,"{'TRBHLDQ128F423EF10': 120, 'TRAWBHE12903CBC4CB': 1}","{'AR8V1WA1187B9AD9E9': 120, 'ARKQQZA12086C116FC': 1}"
e75bc7410d0c6c1737e04d77f2c97e71a2b88862,141,624,"{'TRANAUJ128E07860B0': 132, 'TRAQEVV128EF34E413': 1, 'TRAWRKT128E0788857': 8}","{'ARTE9CG1187B99B1AF': 132, 'AR190KO1187B9905EC': 1, 'ARZWK2R1187B98F09F': 8}"
e7b0ed3b41a3e52c7124c6fbb425550d9a33f327,115,899,"{'TRAXRSK128F42B44D2': 59, 'TRARUTP128E0797FC7': 14, 'TRATKVY128EF35F97A': 9, 'TRAAFJW128F428A424': 16, 'TRBFRFR128E0781C86': 17}","{'AR46CAD1187FB4D84B': 59, 'ARQUMH41187B9AF699': 14, 'ARF5M7Q1187FB501E8': 9, 'AR06EB01187FB40150': 16, 'ARG8DXO1187B9AF743': 17}"
e81ea31db3206b5c71840bea6a77a362f91b4d3d,136,452,"{'TRARUTP128E0797FC7': 132, 'TRASDOI128F1480E28': 4}","{'ARQUMH41187B9AF699': 132, 'AR4OU721187FB4549D': 4}"
e8b1bfe5ab922211ba3cdb2e98d9c51f718974ed,209,380,{'TRAMCGL128F92F3D87': 209},{'ARHUC691187B9AD27F': 209}
e9620f4a3be9f1afd17fac236b65eeaf4f83630f,232,472,"{'TRAYQLP128F92FA224': 3, 'TRASPTN128F14B0EF2': 1, 'TRARMHA128F92E7D32': 228}","{'AR65K7A1187FB4DAA4': 3, 'ARB336A1187B9A4583': 1, 'ARANOZN1187B9B373E': 228}"
eb6febb2b3fd56991d8c6d553f3a0042e8995b1d,171,240,{'TRANIJQ128F4298A10': 171},{'ARMI8BW1187FB57B2E': 171}
ec912648501e30057b6f27b945cb6318c6e581a6,123,458,"{'TRAXRSK128F42B44D2': 81, 'TRAYQLP128F92FA224': 42}","{'AR46CAD1187FB4D84B': 81, 'AR65K7A1187FB4DAA4': 42}"
ed3e56f28c9b1f6dd18270cf3c29f764ae8e4712,100,3355,"{'TRBHKXX128F4252D02': 8, 'TRAJOPN128F423BEC3': 4, 'TRAMGPM128F9311196': 5, 'TRAMCGL128F92F3D87': 7, 'TRBGCAK128F425F3CC': 18, 'TRAGBPI128E0792998': 1, 'TRAMKDJ128F92F3D8B': 7, 'TRADYQK128F42A762A': 5, 'TRARTEH128F423DBC1': 5, 'TRACECN128F9310E97': 5, 'TRAQHNX128E07822A7': 35}","{'ARH6W4X1187B99274F': 53, 'ARDF8K01187FB37200': 4, 'ARM0P6Z1187FB4D466': 5, 'ARHUC691187B9AD27F': 14, 'AR4L4WQ1187FB51996': 18, 'ARM7EDF1187B9B3FA1': 1, 'ARR3ONV1187B9A2F59': 5}"
ee25d76be5f22d2d97077ecfaedc280a28046b8a,150,452,"{'TRAQRJO128F42B7B09': 23, 'TRBAUHT128F92F0657': 127}","{'ARSQDUN1187B98D7D7': 23, 'ARPAAHK1187B9ABB00': 127}"
ee2f52a134e962c150d05a4739e983cd5d2a6734,123,1035,"{'TRAZDPO128E078ECE6': 33, 'TRAURYF128F147805D': 30, 'TRARTEH128F423DBC1': 30, 'TRAWBHE12903CBC4CB': 30}","{'AR12F2S1187FB56EEF': 33, 'ARR3ONV1187B9A2F59': 30, 'ARH6W4X1187B99274F': 30, 'ARKQQZA12086C116FC': 30}"
f054df7679767f0dec50342788ff1c6077fd3c07,130,176,"{'TRBGGBF128F425E4D1': 80, 'TRAWLYS12903CCFEFC': 50}","{'AR7IYVY1187B9A2648': 80, 'AR3THYK1187B999F1F': 50}"
f0ce72dc6bcd5d23aa41da300e3887e31bebf5eb,102,901,"{'TRAALCM128F4264370': 35, 'TRAEUIW12903D018F0': 9, 'TRASVOH12903CCDC0B': 40, 'TRAMFJR128F92C1DB1': 18}","{'ARAEX7Y1187FB42D36': 53, 'ARC8CQZ1187B98DECA': 9, 'ARPDVPJ1187B9ADBE9': 40}"
f1cd17fac8c9d9f5d302b7f969ff2850ebdcedbc,214,277,{'TRBCJUF128F93190C2': 214},{'ARKZJ301187FB521B2': 214}
f704b92714b09be113bf7cc9e63b2337ac21cbb3,372,259,{'TRAHQWU128F4277B78': 372},{'AR8J63I119B8668504': 372}
fa5d9eddc010bc3fc71f8a42db15e5dd4f1c18a3,144,5520,"{'TRAZJGD128F4289D2A': 1, 'TRAGYMA128EF34B55E': 5, 'TRAPCNK128F427D7B5': 1, 'TRAUGTI128F4273726': 1, 'TRAAUEO128E0780CB9': 3, 'TRAQFGR128EF34E7AF': 10, 'TRBDUKK128F4241E90': 3, 'TRBGCAK128F425F3CC': 2, 'TRABLMN128E0792687': 1, 'TRAZDPO128E078ECE6': 34, 'TRASPAS128E078DFB3': 1, 'TRAURYF128F147805D': 12, 'TRAIYZW128F9330F7D': 1, 'TRAYQLP128F92FA224': 1, 'TRATTGW128F427A82D': 5, 'TRBDOFA128F427C09D': 1, 'TRAKQXJ128F147A028': 1, 'TRADYQK128F42A762A': 10, 'TRAUOEY128F421CBD3': 50, 'TRBBMHE128EF341D09': 1}","{'ARGMGHN1187B9B4213': 1, 'ARN8NCB1187FB49652': 5, 'ARB6OGR1187FB4D43D': 1, 'AR6U7461187FB59499': 1, 'AR6892W1187B9AC71B': 3, 'ARI4S0E1187B9B06C0': 10, 'ARIMZQZ1187B9AD541': 3, 'AR4L4WQ1187FB51996': 2, 'AR633SY1187B9AC3B9': 1, 'AR12F2S1187FB56EEF': 34, 'ARAZCWP129462A97F1': 1, 'ARR3ONV1187B9A2F59': 22, 'ARRH63Y1187FB47783': 1, 'AR65K7A1187FB4DAA4': 1, 'ARVXV1J1187FB5BF88': 5, 'ARKSZW81187B9B695D': 1, 'AR2FAMK1187FB4CF60': 1, 'ARWD25M1187FB4C563': 50, 'ARUQ6301187FB54EBA': 1}"
fcbc6bdcec1f293d1d03bbf3c64f613e59acbfe0,101,941,"{'TRARUTP128E0797FC7': 19, 'TRAURYF128F147805D': 38, 'TRAWCIC128F92FE36A': 42, 'TRAWBHE12903CBC4CB': 2}","{'ARQUMH41187B9AF699': 19, 'ARR3ONV1187B9A2F59': 38, 'ARNQAVF11F4C844C04': 42, 'ARKQQZA12086C116FC': 2}"
fe53f4bc06e09b02015312e1d0ea48b208cd490e,103,741,"{'TRBDIOP128EF35F99C': 24, 'TRATKVY128EF35F97A': 50, 'TRADYQK128F42A762A': 29}","{'ARF5M7Q1187FB501E8': 74, 'ARR3ONV1187B9A2F59': 29}"
fecb0d92acee64268b3e024266902608e784e1aa,130,211,{'TRAQJMP128F92E3821': 130},{'ARR3ONV1187B9A2F59': 130}
fed07637b5f04ce77534de2de4558c50279a4895,130,979,"{'TRAWMBE128F423A76C': 122, 'TRBDODQ128F423A780': 5, 'TRAWBHE12903CBC4CB': 2, 'TRABCKL128F423A778': 1}","{'ARPFHN61187FB575F6': 128, 'ARKQQZA12086C116FC': 2}"
